<?xml version="1.0" encoding="windows-1252" ?>
<!DOCTYPE Association SYSTEM "jbo_03_01.dtd">
<!---->
<Association
  xmlns="http://xmlns.oracle.com/bc4j"
  Name="OrdersPaymentOptionsFkAssoc"
  Version="11.1.1.64.93"
  InheritPersonalization="true">
  <DesignTime>
    <Attr Name="_isCodegen" Value="true"/>
  </DesignTime>
  <AssociationEnd
    Name="PaymentOptions"
    Cardinality="1"
    Source="true"
    Owner="model.mwgl.eo.PaymentOptions">
    <DesignTime>
      <Attr Name="_aggregation" Value="0"/>
      <Attr Name="_finderName" Value="PaymentOptions"/>
      <Attr Name="_foreignKey"
        Value="model.mwgl.eo.PaymentOptions.PaymentOptionsPk"/>
      <Attr Name="_isUpdateable" Value="true"/>
    </DesignTime>
    <AttrArray Name="Attributes">
      <Item Value="model.mwgl.eo.PaymentOptions.PaymentOptionId"/>
    </AttrArray>
  </AssociationEnd>
  <AssociationEnd
    Name="Orders"
    Cardinality="-1"
    Owner="model.mwgl.eo.Orders">
    <DesignTime>
      <Attr Name="_aggregation" Value="0"/>
      <Attr Name="_finderName" Value="Orders"/>
      <Attr Name="_foreignKey"
        Value="model.mwgl.eo.Orders.OrdersPaymentOptionsFk"/>
      <Attr Name="_isUpdateable" Value="true"/>
    </DesignTime>
    <AttrArray Name="Attributes">
      <Item Value="model.mwgl.eo.Orders.PaymentOptionId"/>
    </AttrArray>
  </AssociationEnd>
</Association>
