<?xml version="1.0" encoding="windows-1252" ?>
<!DOCTYPE Entity SYSTEM "jbo_03_01.dtd">
<!---->
<Entity
  xmlns="http://xmlns.oracle.com/bc4j"
  Name="Addresses"
  Version="11.1.1.64.93"
  InheritPersonalization="true"
  DBObjectType="table"
  DBObjectName="ADDRESSES"
  AliasName="Addresses"
  BindingStyle="OracleName"
  UseGlueCode="false">
  <DesignTime>
    <Attr Name="_codeGenFlag2" Value="Access"/>
    <AttrArray Name="_publishEvents"/>
  </DesignTime>
  <Attribute
    Name="AddressId"
    IsNotNull="true"
    Precision="15"
    Scale="0"
    ColumnName="ADDRESS_ID"
    SQLType="NUMERIC"
    Type="oracle.jbo.domain.Number"
    ColumnType="NUMBER"
    TableName="ADDRESSES"
    PrimaryKey="true">
    <DesignTime>
      <Attr Name="_DisplaySize" Value="16"/>
    </DesignTime>
  </Attribute>
  <Attribute
    Name="Address1"
    IsNotNull="true"
    Precision="40"
    ColumnName="ADDRESS1"
    SQLType="VARCHAR"
    Type="java.lang.String"
    ColumnType="VARCHAR2"
    TableName="ADDRESSES">
    <DesignTime>
      <Attr Name="_DisplaySize" Value="40"/>
    </DesignTime>
  </Attribute>
  <Attribute
    Name="Address2"
    Precision="40"
    ColumnName="ADDRESS2"
    SQLType="VARCHAR"
    Type="java.lang.String"
    ColumnType="VARCHAR2"
    TableName="ADDRESSES">
    <DesignTime>
      <Attr Name="_DisplaySize" Value="40"/>
    </DesignTime>
  </Attribute>
  <Attribute
    Name="City"
    IsNotNull="true"
    Precision="40"
    ColumnName="CITY"
    SQLType="VARCHAR"
    Type="java.lang.String"
    ColumnType="VARCHAR2"
    TableName="ADDRESSES">
    <DesignTime>
      <Attr Name="_DisplaySize" Value="40"/>
    </DesignTime>
  </Attribute>
  <Attribute
    Name="PostalCode"
    Precision="12"
    ColumnName="POSTAL_CODE"
    SQLType="VARCHAR"
    Type="java.lang.String"
    ColumnType="VARCHAR2"
    TableName="ADDRESSES">
    <DesignTime>
      <Attr Name="_DisplaySize" Value="12"/>
    </DesignTime>
  </Attribute>
  <Attribute
    Name="StateProvince"
    IsNotNull="true"
    Precision="40"
    ColumnName="STATE_PROVINCE"
    SQLType="VARCHAR"
    Type="java.lang.String"
    ColumnType="VARCHAR2"
    TableName="ADDRESSES">
    <DesignTime>
      <Attr Name="_DisplaySize" Value="40"/>
    </DesignTime>
  </Attribute>
  <Attribute
    Name="CountryId"
    IsNotNull="true"
    Precision="2"
    ColumnName="COUNTRY_ID"
    SQLType="CHAR"
    Type="java.lang.String"
    ColumnType="CHAR"
    TableName="ADDRESSES"
    RetrievedOnUpdate="true"
    RetrievedOnInsert="true">
    <DesignTime>
      <Attr Name="_DisplaySize" Value="2"/>
    </DesignTime>
  </Attribute>
  <Attribute
    Name="Longitude"
    ColumnName="LONGITUDE"
    SQLType="NUMERIC"
    Type="oracle.jbo.domain.Number"
    ColumnType="NUMBER"
    TableName="ADDRESSES">
    <DesignTime>
      <Attr Name="_DisplaySize" Value="39"/>
    </DesignTime>
  </Attribute>
  <Attribute
    Name="Latitude"
    ColumnName="LATITUDE"
    SQLType="NUMERIC"
    Type="oracle.jbo.domain.Number"
    ColumnType="NUMBER"
    TableName="ADDRESSES">
    <DesignTime>
      <Attr Name="_DisplaySize" Value="39"/>
    </DesignTime>
  </Attribute>
  <Attribute
    Name="CreatedBy"
    IsNotNull="true"
    Precision="60"
    ColumnName="CREATED_BY"
    SQLType="VARCHAR"
    Type="java.lang.String"
    ColumnType="VARCHAR2"
    TableName="ADDRESSES">
    <DesignTime>
      <Attr Name="_DisplaySize" Value="60"/>
    </DesignTime>
  </Attribute>
  <Attribute
    Name="CreationDate"
    IsNotNull="true"
    ColumnName="CREATION_DATE"
    SQLType="TIMESTAMP"
    Type="oracle.jbo.domain.Date"
    ColumnType="DATE"
    TableName="ADDRESSES">
    <DesignTime>
      <Attr Name="_DisplaySize" Value="7"/>
    </DesignTime>
  </Attribute>
  <Attribute
    Name="LastUpdatedBy"
    IsNotNull="true"
    Precision="60"
    ColumnName="LAST_UPDATED_BY"
    SQLType="VARCHAR"
    Type="java.lang.String"
    ColumnType="VARCHAR2"
    TableName="ADDRESSES">
    <DesignTime>
      <Attr Name="_DisplaySize" Value="60"/>
    </DesignTime>
  </Attribute>
  <Attribute
    Name="LastUpdateDate"
    IsNotNull="true"
    ColumnName="LAST_UPDATE_DATE"
    SQLType="TIMESTAMP"
    Type="oracle.jbo.domain.Date"
    ColumnType="DATE"
    TableName="ADDRESSES">
    <DesignTime>
      <Attr Name="_DisplaySize" Value="7"/>
    </DesignTime>
  </Attribute>
  <Attribute
    Name="ObjectVersionId"
    IsNotNull="true"
    Precision="15"
    Scale="0"
    ColumnName="OBJECT_VERSION_ID"
    SQLType="NUMERIC"
    Type="oracle.jbo.domain.Number"
    ColumnType="NUMBER"
    TableName="ADDRESSES">
    <DesignTime>
      <Attr Name="_DisplaySize" Value="16"/>
    </DesignTime>
  </Attribute>
  <AccessorAttribute
    Name="Persons"
    Association="model.mwgl.eo.Assoc.PersonsAddressesFkAssoc"
    AssociationEnd="model.mwgl.eo.Assoc.PersonsAddressesFkAssoc.Persons"
    AssociationOtherEnd="model.mwgl.eo.Assoc.PersonsAddressesFkAssoc.Addresses"
    Type="oracle.jbo.RowIterator"
    IsUpdateable="false"/>
  <AccessorAttribute
    Name="Orders"
    Association="model.mwgl.eo.Assoc.OrdersAddressesFkAssoc"
    AssociationEnd="model.mwgl.eo.Assoc.OrdersAddressesFkAssoc.Orders"
    AssociationOtherEnd="model.mwgl.eo.Assoc.OrdersAddressesFkAssoc.Addresses"
    Type="oracle.jbo.RowIterator"
    IsUpdateable="false"/>
  <Key
    Name="AddressesPk"
    PrimaryKey="true">
    <DesignTime>
      <Attr Name="_DBObjectName" Value="ADDRESSES_PK"/>
    </DesignTime>
    <AttrArray Name="Attributes">
      <Item Value="model.mwgl.eo.Addresses.AddressId"/>
    </AttrArray>
  </Key>
  <Key
    Name="SysC007208">
    <DesignTime>
      <Attr Name="_DBObjectName" Value="SYS_C007208"/>
      <Attr Name="_checkCondition" Value='"ADDRESS_ID" IS NOT NULL'/>
      <Attr Name="_isCheck" Value="true"/>
    </DesignTime>
    <AttrArray Name="Attributes">
      <Item Value="model.mwgl.eo.Addresses.AddressId"/>
    </AttrArray>
  </Key>
  <Key
    Name="SysC007209">
    <DesignTime>
      <Attr Name="_DBObjectName" Value="SYS_C007209"/>
      <Attr Name="_checkCondition" Value='"ADDRESS1" IS NOT NULL'/>
      <Attr Name="_isCheck" Value="true"/>
    </DesignTime>
    <AttrArray Name="Attributes">
      <Item Value="model.mwgl.eo.Addresses.Address1"/>
    </AttrArray>
  </Key>
  <Key
    Name="SysC007210">
    <DesignTime>
      <Attr Name="_DBObjectName" Value="SYS_C007210"/>
      <Attr Name="_checkCondition" Value='"CITY" IS NOT NULL'/>
      <Attr Name="_isCheck" Value="true"/>
    </DesignTime>
    <AttrArray Name="Attributes">
      <Item Value="model.mwgl.eo.Addresses.City"/>
    </AttrArray>
  </Key>
  <Key
    Name="SysC007211">
    <DesignTime>
      <Attr Name="_DBObjectName" Value="SYS_C007211"/>
      <Attr Name="_checkCondition" Value='"STATE_PROVINCE" IS NOT NULL'/>
      <Attr Name="_isCheck" Value="true"/>
    </DesignTime>
    <AttrArray Name="Attributes">
      <Item Value="model.mwgl.eo.Addresses.StateProvince"/>
    </AttrArray>
  </Key>
  <Key
    Name="SysC007212">
    <DesignTime>
      <Attr Name="_DBObjectName" Value="SYS_C007212"/>
      <Attr Name="_checkCondition" Value='"COUNTRY_ID" IS NOT NULL'/>
      <Attr Name="_isCheck" Value="true"/>
    </DesignTime>
    <AttrArray Name="Attributes">
      <Item Value="model.mwgl.eo.Addresses.CountryId"/>
    </AttrArray>
  </Key>
  <Key
    Name="SysC007213">
    <DesignTime>
      <Attr Name="_DBObjectName" Value="SYS_C007213"/>
      <Attr Name="_checkCondition" Value='"CREATED_BY" IS NOT NULL'/>
      <Attr Name="_isCheck" Value="true"/>
    </DesignTime>
    <AttrArray Name="Attributes">
      <Item Value="model.mwgl.eo.Addresses.CreatedBy"/>
    </AttrArray>
  </Key>
  <Key
    Name="SysC007214">
    <DesignTime>
      <Attr Name="_DBObjectName" Value="SYS_C007214"/>
      <Attr Name="_checkCondition" Value='"CREATION_DATE" IS NOT NULL'/>
      <Attr Name="_isCheck" Value="true"/>
    </DesignTime>
    <AttrArray Name="Attributes">
      <Item Value="model.mwgl.eo.Addresses.CreationDate"/>
    </AttrArray>
  </Key>
  <Key
    Name="SysC007215">
    <DesignTime>
      <Attr Name="_DBObjectName" Value="SYS_C007215"/>
      <Attr Name="_checkCondition" Value='"LAST_UPDATED_BY" IS NOT NULL'/>
      <Attr Name="_isCheck" Value="true"/>
    </DesignTime>
    <AttrArray Name="Attributes">
      <Item Value="model.mwgl.eo.Addresses.LastUpdatedBy"/>
    </AttrArray>
  </Key>
  <Key
    Name="SysC007216">
    <DesignTime>
      <Attr Name="_DBObjectName" Value="SYS_C007216"/>
      <Attr Name="_checkCondition" Value='"LAST_UPDATE_DATE" IS NOT NULL'/>
      <Attr Name="_isCheck" Value="true"/>
    </DesignTime>
    <AttrArray Name="Attributes">
      <Item Value="model.mwgl.eo.Addresses.LastUpdateDate"/>
    </AttrArray>
  </Key>
  <Key
    Name="SysC007217">
    <DesignTime>
      <Attr Name="_DBObjectName" Value="SYS_C007217"/>
      <Attr Name="_checkCondition" Value='"OBJECT_VERSION_ID" IS NOT NULL'/>
      <Attr Name="_isCheck" Value="true"/>
    </DesignTime>
    <AttrArray Name="Attributes">
      <Item Value="model.mwgl.eo.Addresses.ObjectVersionId"/>
    </AttrArray>
  </Key>
</Entity>
