<?xml version="1.0" encoding="windows-1252" ?>
<!DOCTYPE Entity SYSTEM "jbo_03_01.dtd">
<!---->
<Entity
  xmlns="http://xmlns.oracle.com/bc4j"
  Name="CategoryTranslations"
  Version="11.1.1.64.93"
  InheritPersonalization="true"
  DBObjectType="table"
  DBObjectName="CATEGORY_TRANSLATIONS"
  AliasName="CategoryTranslations"
  BindingStyle="OracleName"
  UseGlueCode="false">
  <DesignTime>
    <AttrArray Name="_publishEvents"/>
  </DesignTime>
  <Attribute
    Name="CategoryId"
    IsNotNull="true"
    Precision="15"
    Scale="0"
    ColumnName="CATEGORY_ID"
    SQLType="NUMERIC"
    Type="oracle.jbo.domain.Number"
    ColumnType="NUMBER"
    TableName="CATEGORY_TRANSLATIONS"
    PrimaryKey="true">
    <DesignTime>
      <Attr Name="_DisplaySize" Value="16"/>
    </DesignTime>
  </Attribute>
  <Attribute
    Name="CategoryName"
    IsNotNull="true"
    Precision="50"
    ColumnName="CATEGORY_NAME"
    SQLType="VARCHAR"
    Type="java.lang.String"
    ColumnType="VARCHAR2"
    TableName="CATEGORY_TRANSLATIONS">
    <DesignTime>
      <Attr Name="_DisplaySize" Value="50"/>
    </DesignTime>
  </Attribute>
  <Attribute
    Name="CategoryDescription"
    Precision="1000"
    ColumnName="CATEGORY_DESCRIPTION"
    SQLType="VARCHAR"
    Type="java.lang.String"
    ColumnType="VARCHAR2"
    TableName="CATEGORY_TRANSLATIONS">
    <DesignTime>
      <Attr Name="_DisplaySize" Value="1000"/>
    </DesignTime>
  </Attribute>
  <Attribute
    Name="Language"
    IsNotNull="true"
    Precision="30"
    ColumnName="LANGUAGE"
    SQLType="VARCHAR"
    Type="java.lang.String"
    ColumnType="VARCHAR2"
    TableName="CATEGORY_TRANSLATIONS"
    PrimaryKey="true">
    <DesignTime>
      <Attr Name="_DisplaySize" Value="30"/>
    </DesignTime>
  </Attribute>
  <Attribute
    Name="SourceLang"
    Precision="30"
    ColumnName="SOURCE_LANG"
    SQLType="VARCHAR"
    Type="java.lang.String"
    ColumnType="VARCHAR2"
    TableName="CATEGORY_TRANSLATIONS">
    <DesignTime>
      <Attr Name="_DisplaySize" Value="30"/>
    </DesignTime>
  </Attribute>
  <Attribute
    Name="CreatedBy"
    IsNotNull="true"
    Precision="60"
    ColumnName="CREATED_BY"
    SQLType="VARCHAR"
    Type="java.lang.String"
    ColumnType="VARCHAR2"
    TableName="CATEGORY_TRANSLATIONS">
    <DesignTime>
      <Attr Name="_DisplaySize" Value="60"/>
    </DesignTime>
  </Attribute>
  <Attribute
    Name="CreationDate"
    IsNotNull="true"
    ColumnName="CREATION_DATE"
    SQLType="TIMESTAMP"
    Type="oracle.jbo.domain.Date"
    ColumnType="DATE"
    TableName="CATEGORY_TRANSLATIONS">
    <DesignTime>
      <Attr Name="_DisplaySize" Value="7"/>
    </DesignTime>
  </Attribute>
  <Attribute
    Name="LastUpdatedBy"
    IsNotNull="true"
    Precision="60"
    ColumnName="LAST_UPDATED_BY"
    SQLType="VARCHAR"
    Type="java.lang.String"
    ColumnType="VARCHAR2"
    TableName="CATEGORY_TRANSLATIONS">
    <DesignTime>
      <Attr Name="_DisplaySize" Value="60"/>
    </DesignTime>
  </Attribute>
  <Attribute
    Name="LastUpdateDate"
    IsNotNull="true"
    ColumnName="LAST_UPDATE_DATE"
    SQLType="TIMESTAMP"
    Type="oracle.jbo.domain.Date"
    ColumnType="DATE"
    TableName="CATEGORY_TRANSLATIONS">
    <DesignTime>
      <Attr Name="_DisplaySize" Value="7"/>
    </DesignTime>
  </Attribute>
  <Attribute
    Name="ObjectVersionId"
    IsNotNull="true"
    Precision="15"
    Scale="0"
    ColumnName="OBJECT_VERSION_ID"
    SQLType="NUMERIC"
    Type="oracle.jbo.domain.Number"
    ColumnType="NUMBER"
    TableName="CATEGORY_TRANSLATIONS">
    <DesignTime>
      <Attr Name="_DisplaySize" Value="16"/>
    </DesignTime>
  </Attribute>
  <Key
    Name="CategoryTranslationsPk"
    PrimaryKey="true">
    <DesignTime>
      <Attr Name="_DBObjectName" Value="CATEGORY_TRANSLATIONS_PK"/>
    </DesignTime>
    <AttrArray Name="Attributes">
      <Item Value="model.mwgl.eo.CategoryTranslations.CategoryId"/>
      <Item Value="model.mwgl.eo.CategoryTranslations.Language"/>
    </AttrArray>
  </Key>
  <Key
    Name="SysC007418">
    <DesignTime>
      <Attr Name="_DBObjectName" Value="SYS_C007418"/>
      <Attr Name="_checkCondition" Value='"CATEGORY_ID" IS NOT NULL'/>
      <Attr Name="_isCheck" Value="true"/>
    </DesignTime>
    <AttrArray Name="Attributes">
      <Item Value="model.mwgl.eo.CategoryTranslations.CategoryId"/>
    </AttrArray>
  </Key>
  <Key
    Name="SysC007419">
    <DesignTime>
      <Attr Name="_DBObjectName" Value="SYS_C007419"/>
      <Attr Name="_checkCondition" Value='"CATEGORY_NAME" IS NOT NULL'/>
      <Attr Name="_isCheck" Value="true"/>
    </DesignTime>
    <AttrArray Name="Attributes">
      <Item Value="model.mwgl.eo.CategoryTranslations.CategoryName"/>
    </AttrArray>
  </Key>
  <Key
    Name="SysC007420">
    <DesignTime>
      <Attr Name="_DBObjectName" Value="SYS_C007420"/>
      <Attr Name="_checkCondition" Value='"LANGUAGE" IS NOT NULL'/>
      <Attr Name="_isCheck" Value="true"/>
    </DesignTime>
    <AttrArray Name="Attributes">
      <Item Value="model.mwgl.eo.CategoryTranslations.Language"/>
    </AttrArray>
  </Key>
  <Key
    Name="SysC007421">
    <DesignTime>
      <Attr Name="_DBObjectName" Value="SYS_C007421"/>
      <Attr Name="_checkCondition" Value='"CREATED_BY" IS NOT NULL'/>
      <Attr Name="_isCheck" Value="true"/>
    </DesignTime>
    <AttrArray Name="Attributes">
      <Item Value="model.mwgl.eo.CategoryTranslations.CreatedBy"/>
    </AttrArray>
  </Key>
  <Key
    Name="SysC007422">
    <DesignTime>
      <Attr Name="_DBObjectName" Value="SYS_C007422"/>
      <Attr Name="_checkCondition" Value='"CREATION_DATE" IS NOT NULL'/>
      <Attr Name="_isCheck" Value="true"/>
    </DesignTime>
    <AttrArray Name="Attributes">
      <Item Value="model.mwgl.eo.CategoryTranslations.CreationDate"/>
    </AttrArray>
  </Key>
  <Key
    Name="SysC007423">
    <DesignTime>
      <Attr Name="_DBObjectName" Value="SYS_C007423"/>
      <Attr Name="_checkCondition" Value='"LAST_UPDATED_BY" IS NOT NULL'/>
      <Attr Name="_isCheck" Value="true"/>
    </DesignTime>
    <AttrArray Name="Attributes">
      <Item Value="model.mwgl.eo.CategoryTranslations.LastUpdatedBy"/>
    </AttrArray>
  </Key>
  <Key
    Name="SysC007424">
    <DesignTime>
      <Attr Name="_DBObjectName" Value="SYS_C007424"/>
      <Attr Name="_checkCondition" Value='"LAST_UPDATE_DATE" IS NOT NULL'/>
      <Attr Name="_isCheck" Value="true"/>
    </DesignTime>
    <AttrArray Name="Attributes">
      <Item Value="model.mwgl.eo.CategoryTranslations.LastUpdateDate"/>
    </AttrArray>
  </Key>
  <Key
    Name="SysC007425">
    <DesignTime>
      <Attr Name="_DBObjectName" Value="SYS_C007425"/>
      <Attr Name="_checkCondition" Value='"OBJECT_VERSION_ID" IS NOT NULL'/>
      <Attr Name="_isCheck" Value="true"/>
    </DesignTime>
    <AttrArray Name="Attributes">
      <Item Value="model.mwgl.eo.CategoryTranslations.ObjectVersionId"/>
    </AttrArray>
  </Key>
  <Key
    Name="CategoryTranslationsFk">
    <DesignTime>
      <Attr Name="_referencedKey" Value="PRODUCT_TAGS_PK"/>
      <Attr Name="_isForeign" Value="true"/>
      <Attr Name="_DBObjectName" Value="CATEGORY_TRANSLATIONS_FK"/>
    </DesignTime>
    <AttrArray Name="Attributes">
      <Item Value="model.mwgl.eo.CategoryTranslations.CategoryId"/>
    </AttrArray>
  </Key>
</Entity>
