<?xml version="1.0" encoding="windows-1252" ?>
<!DOCTYPE Entity SYSTEM "jbo_03_01.dtd">
<!---->
<Entity
  xmlns="http://xmlns.oracle.com/bc4j"
  Name="Orders"
  Version="11.1.1.64.93"
  InheritPersonalization="true"
  DBObjectType="table"
  DBObjectName="ORDERS"
  AliasName="Orders"
  BindingStyle="OracleName"
  UseGlueCode="false"
  RowClass="model.mwgl.eo.OrdersImpl"
  DefClass="model.mwgl.eo.OrdersDefImpl"
  CollClass="model.mwgl.eo.OrdersCollImpl">
  <DesignTime>
    <Attr Name="_codeGenFlag2" Value="Init|Delete|Access|Def|Coll"/>
    <AttrArray Name="_publishEvents"/>
    <Attr Name="_isCodegen" Value="true"/>
  </DesignTime>
  <Attribute
    Name="OrderId"
    IsNotNull="true"
    Precision="15"
    Scale="0"
    ColumnName="ORDER_ID"
    SQLType="NUMERIC"
    Type="oracle.jbo.domain.Number"
    ColumnType="NUMBER"
    TableName="ORDERS"
    PrimaryKey="true">
    <DesignTime>
      <Attr Name="_DisplaySize" Value="16"/>
    </DesignTime>
  </Attribute>
  <Attribute
    Name="OrderDate"
    IsNotNull="true"
    ColumnName="ORDER_DATE"
    SQLType="TIMESTAMP"
    Type="oracle.jbo.domain.Date"
    ColumnType="DATE"
    TableName="ORDERS">
    <DesignTime>
      <Attr Name="_DisplaySize" Value="7"/>
    </DesignTime>
  </Attribute>
  <Attribute
    Name="OrderShippedDate"
    ColumnName="ORDER_SHIPPED_DATE"
    SQLType="TIMESTAMP"
    Type="oracle.jbo.domain.Date"
    ColumnType="DATE"
    TableName="ORDERS">
    <DesignTime>
      <Attr Name="_DisplaySize" Value="7"/>
    </DesignTime>
  </Attribute>
  <Attribute
    Name="OrderStatusCode"
    IsNotNull="true"
    Precision="30"
    ColumnName="ORDER_STATUS_CODE"
    SQLType="VARCHAR"
    Type="java.lang.String"
    ColumnType="VARCHAR2"
    TableName="ORDERS">
    <DesignTime>
      <Attr Name="_DisplaySize" Value="30"/>
    </DesignTime>
  </Attribute>
  <Attribute
    Name="OrderTotal"
    IsNotNull="true"
    Precision="8"
    Scale="2"
    ColumnName="ORDER_TOTAL"
    SQLType="NUMERIC"
    Type="oracle.jbo.domain.Number"
    ColumnType="NUMBER"
    TableName="ORDERS">
    <DesignTime>
      <Attr Name="_DisplaySize" Value="10"/>
    </DesignTime>
  </Attribute>
  <Attribute
    Name="CustomerId"
    IsNotNull="true"
    Precision="15"
    Scale="0"
    ColumnName="CUSTOMER_ID"
    SQLType="NUMERIC"
    Type="oracle.jbo.domain.Number"
    ColumnType="NUMBER"
    TableName="ORDERS">
    <DesignTime>
      <Attr Name="_DisplaySize" Value="16"/>
    </DesignTime>
  </Attribute>
  <Attribute
    Name="ShipToName"
    Precision="120"
    ColumnName="SHIP_TO_NAME"
    SQLType="VARCHAR"
    Type="java.lang.String"
    ColumnType="VARCHAR2"
    TableName="ORDERS">
    <DesignTime>
      <Attr Name="_DisplaySize" Value="120"/>
    </DesignTime>
  </Attribute>
  <Attribute
    Name="ShipToAddressId"
    IsNotNull="true"
    Precision="15"
    Scale="0"
    ColumnName="SHIP_TO_ADDRESS_ID"
    SQLType="NUMERIC"
    Type="oracle.jbo.domain.Number"
    ColumnType="NUMBER"
    TableName="ORDERS">
    <DesignTime>
      <Attr Name="_DisplaySize" Value="16"/>
    </DesignTime>
  </Attribute>
  <Attribute
    Name="ShipToPhoneNumber"
    Precision="20"
    ColumnName="SHIP_TO_PHONE_NUMBER"
    SQLType="VARCHAR"
    Type="java.lang.String"
    ColumnType="VARCHAR2"
    TableName="ORDERS">
    <DesignTime>
      <Attr Name="_DisplaySize" Value="20"/>
    </DesignTime>
  </Attribute>
  <Attribute
    Name="ShippingOptionId"
    IsNotNull="true"
    Precision="15"
    Scale="0"
    ColumnName="SHIPPING_OPTION_ID"
    SQLType="NUMERIC"
    Type="oracle.jbo.domain.Number"
    ColumnType="NUMBER"
    TableName="ORDERS">
    <DesignTime>
      <Attr Name="_DisplaySize" Value="16"/>
    </DesignTime>
  </Attribute>
  <Attribute
    Name="PaymentOptionId"
    Precision="16"
    Scale="0"
    ColumnName="PAYMENT_OPTION_ID"
    SQLType="NUMERIC"
    Type="oracle.jbo.domain.Number"
    ColumnType="NUMBER"
    TableName="ORDERS">
    <DesignTime>
      <Attr Name="_DisplaySize" Value="17"/>
    </DesignTime>
  </Attribute>
  <Attribute
    Name="DiscountId"
    Precision="15"
    Scale="0"
    ColumnName="DISCOUNT_ID"
    SQLType="NUMERIC"
    Type="oracle.jbo.domain.Number"
    ColumnType="NUMBER"
    TableName="ORDERS">
    <DesignTime>
      <Attr Name="_DisplaySize" Value="16"/>
    </DesignTime>
  </Attribute>
  <Attribute
    Name="CouponId"
    Precision="15"
    Scale="0"
    ColumnName="COUPON_ID"
    SQLType="NUMERIC"
    Type="oracle.jbo.domain.Number"
    ColumnType="NUMBER"
    TableName="ORDERS">
    <DesignTime>
      <Attr Name="_DisplaySize" Value="16"/>
    </DesignTime>
  </Attribute>
  <Attribute
    Name="FreeShippingFlag"
    IsNotNull="true"
    Precision="1"
    ColumnName="FREE_SHIPPING_FLAG"
    SQLType="VARCHAR"
    Type="java.lang.String"
    ColumnType="VARCHAR2"
    TableName="ORDERS">
    <DesignTime>
      <Attr Name="_DisplaySize" Value="1"/>
    </DesignTime>
  </Attribute>
  <Attribute
    Name="CustomerCollectFlag"
    IsNotNull="true"
    Precision="1"
    ColumnName="CUSTOMER_COLLECT_FLAG"
    SQLType="VARCHAR"
    Type="java.lang.String"
    ColumnType="VARCHAR2"
    TableName="ORDERS">
    <DesignTime>
      <Attr Name="_DisplaySize" Value="1"/>
    </DesignTime>
  </Attribute>
  <Attribute
    Name="CollectionWarehouseId"
    Precision="15"
    Scale="0"
    ColumnName="COLLECTION_WAREHOUSE_ID"
    SQLType="NUMERIC"
    Type="oracle.jbo.domain.Number"
    ColumnType="NUMBER"
    TableName="ORDERS">
    <DesignTime>
      <Attr Name="_DisplaySize" Value="16"/>
    </DesignTime>
  </Attribute>
  <Attribute
    Name="GiftwrapFlag"
    IsNotNull="true"
    Precision="1"
    ColumnName="GIFTWRAP_FLAG"
    SQLType="VARCHAR"
    Type="java.lang.String"
    ColumnType="VARCHAR2"
    TableName="ORDERS">
    <DesignTime>
      <Attr Name="_DisplaySize" Value="1"/>
    </DesignTime>
  </Attribute>
  <Attribute
    Name="GiftwrapMessage"
    Precision="2000"
    ColumnName="GIFTWRAP_MESSAGE"
    SQLType="VARCHAR"
    Type="java.lang.String"
    ColumnType="VARCHAR2"
    TableName="ORDERS">
    <DesignTime>
      <Attr Name="_DisplaySize" Value="2000"/>
    </DesignTime>
  </Attribute>
  <Attribute
    Name="CreatedBy"
    IsNotNull="true"
    Precision="60"
    ColumnName="CREATED_BY"
    SQLType="VARCHAR"
    Type="java.lang.String"
    ColumnType="VARCHAR2"
    TableName="ORDERS">
    <DesignTime>
      <Attr Name="_DisplaySize" Value="60"/>
    </DesignTime>
  </Attribute>
  <Attribute
    Name="CreationDate"
    IsNotNull="true"
    ColumnName="CREATION_DATE"
    SQLType="TIMESTAMP"
    Type="oracle.jbo.domain.Date"
    ColumnType="DATE"
    TableName="ORDERS">
    <DesignTime>
      <Attr Name="_DisplaySize" Value="7"/>
    </DesignTime>
  </Attribute>
  <Attribute
    Name="LastUpdatedBy"
    IsNotNull="true"
    Precision="60"
    ColumnName="LAST_UPDATED_BY"
    SQLType="VARCHAR"
    Type="java.lang.String"
    ColumnType="VARCHAR2"
    TableName="ORDERS">
    <DesignTime>
      <Attr Name="_DisplaySize" Value="60"/>
    </DesignTime>
  </Attribute>
  <Attribute
    Name="LastUpdateDate"
    IsNotNull="true"
    ColumnName="LAST_UPDATE_DATE"
    SQLType="TIMESTAMP"
    Type="oracle.jbo.domain.Date"
    ColumnType="DATE"
    TableName="ORDERS">
    <DesignTime>
      <Attr Name="_DisplaySize" Value="7"/>
    </DesignTime>
  </Attribute>
  <Attribute
    Name="ObjectVersionId"
    IsNotNull="true"
    Precision="15"
    Scale="0"
    ColumnName="OBJECT_VERSION_ID"
    SQLType="NUMERIC"
    Type="oracle.jbo.domain.Number"
    ColumnType="NUMBER"
    TableName="ORDERS">
    <DesignTime>
      <Attr Name="_DisplaySize" Value="16"/>
    </DesignTime>
  </Attribute>
  <Attribute
    Name="calculatedOrderTOtal"
    IsUpdateable="while_insert"
    ColumnName="CALCULATEDORDERTOTAL"
    SQLType="DOUBLE"
    Type="java.lang.Double"
    ColumnType="$none$"
    IsQueriable="false"
    IsPersistent="false"/>
  <Attribute
    Name="DiscountAmount"
    IsQueriable="false"
    IsPersistent="false"
    ColumnName="$none$"
    SQLType="DOUBLE"
    Type="java.lang.Double"
    ColumnType="$none$">
    <TransientExpression><![CDATA[10.00]]></TransientExpression>
  </Attribute>
  <AccessorAttribute
    Name="Addresses"
    Association="model.mwgl.eo.Assoc.OrdersAddressesFkAssoc"
    AssociationEnd="model.mwgl.eo.Assoc.OrdersAddressesFkAssoc.Addresses"
    AssociationOtherEnd="model.mwgl.eo.Assoc.OrdersAddressesFkAssoc.Orders"
    Type="oracle.jbo.server.EntityImpl"
    IsUpdateable="true"/>
  <AccessorAttribute
    Name="PaymentOptions"
    Association="model.mwgl.eo.Assoc.OrdersPaymentOptionsFkAssoc"
    AssociationEnd="model.mwgl.eo.Assoc.OrdersPaymentOptionsFkAssoc.PaymentOptions"
    AssociationOtherEnd="model.mwgl.eo.Assoc.OrdersPaymentOptionsFkAssoc.Orders"
    Type="oracle.jbo.server.EntityImpl"
    IsUpdateable="true"/>
  <AccessorAttribute
    Name="OrderItems"
    Association="model.mwgl.eo.Assoc.OrderItemsOrdersFkAssoc"
    AssociationEnd="model.mwgl.eo.Assoc.OrderItemsOrdersFkAssoc.OrderItems"
    AssociationOtherEnd="model.mwgl.eo.Assoc.OrderItemsOrdersFkAssoc.Orders"
    Type="oracle.jbo.RowIterator"
    IsUpdateable="false"/>
  <AccessorAttribute
    Name="ShippingOptionsBase"
    Association="model.mwgl.eo.OrdersShippingOptionsFkAssoc"
    AssociationEnd="model.mwgl.eo.OrdersShippingOptionsFkAssoc.ShippingOptionsBase"
    AssociationOtherEnd="model.mwgl.eo.OrdersShippingOptionsFkAssoc.Orders"
    Type="oracle.jbo.server.EntityImpl"
    IsUpdateable="true"/>
  <AccessorAttribute
    Name="Persons"
    Association="model.mwgl.eo.Assoc.OrdersPersonsFkAssoc"
    AssociationEnd="model.mwgl.eo.Assoc.OrdersPersonsFkAssoc.Persons"
    AssociationOtherEnd="model.mwgl.eo.Assoc.OrdersPersonsFkAssoc.Orders"
    Type="oracle.jbo.server.EntityImpl"
    IsUpdateable="true"/>
  <Key
    Name="OrdersPk"
    PrimaryKey="true">
    <DesignTime>
      <Attr Name="_DBObjectName" Value="ORDERS_PK"/>
    </DesignTime>
    <AttrArray Name="Attributes">
      <Item Value="model.mwgl.eo.Orders.OrderId"/>
    </AttrArray>
  </Key>
  <Key
    Name="SysC007255">
    <DesignTime>
      <Attr Name="_DBObjectName" Value="SYS_C007255"/>
      <Attr Name="_checkCondition" Value='"ORDER_ID" IS NOT NULL'/>
      <Attr Name="_isCheck" Value="true"/>
    </DesignTime>
    <AttrArray Name="Attributes">
      <Item Value="model.mwgl.eo.Orders.OrderId"/>
    </AttrArray>
  </Key>
  <Key
    Name="SysC007256">
    <DesignTime>
      <Attr Name="_DBObjectName" Value="SYS_C007256"/>
      <Attr Name="_checkCondition" Value='"ORDER_DATE" IS NOT NULL'/>
      <Attr Name="_isCheck" Value="true"/>
    </DesignTime>
    <AttrArray Name="Attributes">
      <Item Value="model.mwgl.eo.Orders.OrderDate"/>
    </AttrArray>
  </Key>
  <Key
    Name="SysC007257">
    <DesignTime>
      <Attr Name="_DBObjectName" Value="SYS_C007257"/>
      <Attr Name="_checkCondition" Value='"ORDER_STATUS_CODE" IS NOT NULL'/>
      <Attr Name="_isCheck" Value="true"/>
    </DesignTime>
    <AttrArray Name="Attributes">
      <Item Value="model.mwgl.eo.Orders.OrderStatusCode"/>
    </AttrArray>
  </Key>
  <Key
    Name="SysC007258">
    <DesignTime>
      <Attr Name="_DBObjectName" Value="SYS_C007258"/>
      <Attr Name="_checkCondition" Value='"ORDER_TOTAL" IS NOT NULL'/>
      <Attr Name="_isCheck" Value="true"/>
    </DesignTime>
    <AttrArray Name="Attributes">
      <Item Value="model.mwgl.eo.Orders.OrderTotal"/>
    </AttrArray>
  </Key>
  <Key
    Name="SysC007259">
    <DesignTime>
      <Attr Name="_DBObjectName" Value="SYS_C007259"/>
      <Attr Name="_checkCondition" Value='"CUSTOMER_ID" IS NOT NULL'/>
      <Attr Name="_isCheck" Value="true"/>
    </DesignTime>
    <AttrArray Name="Attributes">
      <Item Value="model.mwgl.eo.Orders.CustomerId"/>
    </AttrArray>
  </Key>
  <Key
    Name="SysC007260">
    <DesignTime>
      <Attr Name="_DBObjectName" Value="SYS_C007260"/>
      <Attr Name="_checkCondition" Value='"SHIP_TO_ADDRESS_ID" IS NOT NULL'/>
      <Attr Name="_isCheck" Value="true"/>
    </DesignTime>
    <AttrArray Name="Attributes">
      <Item Value="model.mwgl.eo.Orders.ShipToAddressId"/>
    </AttrArray>
  </Key>
  <Key
    Name="SysC007261">
    <DesignTime>
      <Attr Name="_DBObjectName" Value="SYS_C007261"/>
      <Attr Name="_checkCondition" Value='"SHIPPING_OPTION_ID" IS NOT NULL'/>
      <Attr Name="_isCheck" Value="true"/>
    </DesignTime>
    <AttrArray Name="Attributes">
      <Item Value="model.mwgl.eo.Orders.ShippingOptionId"/>
    </AttrArray>
  </Key>
  <Key
    Name="SysC007262">
    <DesignTime>
      <Attr Name="_DBObjectName" Value="SYS_C007262"/>
      <Attr Name="_checkCondition" Value='"FREE_SHIPPING_FLAG" IS NOT NULL'/>
      <Attr Name="_isCheck" Value="true"/>
    </DesignTime>
    <AttrArray Name="Attributes">
      <Item Value="model.mwgl.eo.Orders.FreeShippingFlag"/>
    </AttrArray>
  </Key>
  <Key
    Name="SysC007263">
    <DesignTime>
      <Attr Name="_DBObjectName" Value="SYS_C007263"/>
      <Attr Name="_checkCondition" Value='"CUSTOMER_COLLECT_FLAG" IS NOT NULL'/>
      <Attr Name="_isCheck" Value="true"/>
    </DesignTime>
    <AttrArray Name="Attributes">
      <Item Value="model.mwgl.eo.Orders.CustomerCollectFlag"/>
    </AttrArray>
  </Key>
  <Key
    Name="SysC007264">
    <DesignTime>
      <Attr Name="_DBObjectName" Value="SYS_C007264"/>
      <Attr Name="_checkCondition" Value='"GIFTWRAP_FLAG" IS NOT NULL'/>
      <Attr Name="_isCheck" Value="true"/>
    </DesignTime>
    <AttrArray Name="Attributes">
      <Item Value="model.mwgl.eo.Orders.GiftwrapFlag"/>
    </AttrArray>
  </Key>
  <Key
    Name="SysC007265">
    <DesignTime>
      <Attr Name="_DBObjectName" Value="SYS_C007265"/>
      <Attr Name="_checkCondition" Value='"CREATED_BY" IS NOT NULL'/>
      <Attr Name="_isCheck" Value="true"/>
    </DesignTime>
    <AttrArray Name="Attributes">
      <Item Value="model.mwgl.eo.Orders.CreatedBy"/>
    </AttrArray>
  </Key>
  <Key
    Name="SysC007266">
    <DesignTime>
      <Attr Name="_DBObjectName" Value="SYS_C007266"/>
      <Attr Name="_checkCondition" Value='"CREATION_DATE" IS NOT NULL'/>
      <Attr Name="_isCheck" Value="true"/>
    </DesignTime>
    <AttrArray Name="Attributes">
      <Item Value="model.mwgl.eo.Orders.CreationDate"/>
    </AttrArray>
  </Key>
  <Key
    Name="SysC007267">
    <DesignTime>
      <Attr Name="_DBObjectName" Value="SYS_C007267"/>
      <Attr Name="_checkCondition" Value='"LAST_UPDATED_BY" IS NOT NULL'/>
      <Attr Name="_isCheck" Value="true"/>
    </DesignTime>
    <AttrArray Name="Attributes">
      <Item Value="model.mwgl.eo.Orders.LastUpdatedBy"/>
    </AttrArray>
  </Key>
  <Key
    Name="SysC007268">
    <DesignTime>
      <Attr Name="_DBObjectName" Value="SYS_C007268"/>
      <Attr Name="_checkCondition" Value='"LAST_UPDATE_DATE" IS NOT NULL'/>
      <Attr Name="_isCheck" Value="true"/>
    </DesignTime>
    <AttrArray Name="Attributes">
      <Item Value="model.mwgl.eo.Orders.LastUpdateDate"/>
    </AttrArray>
  </Key>
  <Key
    Name="SysC007269">
    <DesignTime>
      <Attr Name="_DBObjectName" Value="SYS_C007269"/>
      <Attr Name="_checkCondition" Value='"OBJECT_VERSION_ID" IS NOT NULL'/>
      <Attr Name="_isCheck" Value="true"/>
    </DesignTime>
    <AttrArray Name="Attributes">
      <Item Value="model.mwgl.eo.Orders.ObjectVersionId"/>
    </AttrArray>
  </Key>
  <Key
    Name="OrdersAddressesFk">
    <DesignTime>
      <Attr Name="_referencedKey" Value="ADDRESSES_PK"/>
      <Attr Name="_isForeign" Value="true"/>
      <Attr Name="_DBObjectName" Value="ORDERS_ADDRESSES_FK"/>
    </DesignTime>
    <AttrArray Name="Attributes">
      <Item Value="model.mwgl.eo.Orders.ShipToAddressId"/>
    </AttrArray>
  </Key>
  <Key
    Name="OrdersDiscountsFk">
    <DesignTime>
      <Attr Name="_referencedKey" Value="DISCOUNTS_PK"/>
      <Attr Name="_isForeign" Value="true"/>
      <Attr Name="_DBObjectName" Value="ORDERS_DISCOUNTS_FK"/>
    </DesignTime>
    <AttrArray Name="Attributes">
      <Item Value="model.mwgl.eo.Orders.DiscountId"/>
    </AttrArray>
  </Key>
  <Key
    Name="OrdersDiscountsFk1">
    <DesignTime>
      <Attr Name="_referencedKey" Value="DISCOUNTS_PK"/>
      <Attr Name="_isForeign" Value="true"/>
      <Attr Name="_DBObjectName" Value="ORDERS_DISCOUNTS_FK1"/>
    </DesignTime>
    <AttrArray Name="Attributes">
      <Item Value="model.mwgl.eo.Orders.CouponId"/>
    </AttrArray>
  </Key>
  <Key
    Name="OrdersPaymentOptionsFk">
    <DesignTime>
      <Attr Name="_referencedKey" Value="PAYMENT_OPTIONS_PK"/>
      <Attr Name="_isForeign" Value="true"/>
      <Attr Name="_DBObjectName" Value="ORDERS_PAYMENT_OPTIONS_FK"/>
    </DesignTime>
    <AttrArray Name="Attributes">
      <Item Value="model.mwgl.eo.Orders.PaymentOptionId"/>
    </AttrArray>
  </Key>
  <Key
    Name="OrdersPersonsFk">
    <DesignTime>
      <Attr Name="_referencedKey" Value="PERSONS_PK"/>
      <Attr Name="_isForeign" Value="true"/>
      <Attr Name="_DBObjectName" Value="ORDERS_PERSONS_FK"/>
    </DesignTime>
    <AttrArray Name="Attributes">
      <Item Value="model.mwgl.eo.Orders.CustomerId"/>
    </AttrArray>
  </Key>
  <Key
    Name="OrdersShippingOptionsFk">
    <DesignTime>
      <Attr Name="_referencedKey" Value="SHIPPING_OPTIONS_PK"/>
      <Attr Name="_isForeign" Value="true"/>
      <Attr Name="_DBObjectName" Value="ORDERS_SHIPPING_OPTIONS_FK"/>
    </DesignTime>
    <AttrArray Name="Attributes">
      <Item Value="model.mwgl.eo.Orders.ShippingOptionId"/>
    </AttrArray>
  </Key>
  <Key
    Name="OrdersWarehousesFk">
    <DesignTime>
      <Attr Name="_referencedKey" Value="WAREHOUSES_PK"/>
      <Attr Name="_isForeign" Value="true"/>
      <Attr Name="_DBObjectName" Value="ORDERS_WAREHOUSES_FK"/>
    </DesignTime>
    <AttrArray Name="Attributes">
      <Item Value="model.mwgl.eo.Orders.CollectionWarehouseId"/>
    </AttrArray>
  </Key>
</Entity>
