<?xml version="1.0" encoding="windows-1252" ?>
<!DOCTYPE Entity SYSTEM "jbo_03_01.dtd">
<!---->
<Entity
  xmlns="http://xmlns.oracle.com/bc4j"
  Name="OrderItems"
  Version="11.1.1.64.93"
  InheritPersonalization="true"
  DBObjectType="table"
  DBObjectName="ORDER_ITEMS"
  AliasName="OrderItems"
  BindingStyle="OracleName"
  UseGlueCode="false"
  RowClass="model.mwgl.eo.OrderItemsImpl"
  DefClass="model.mwgl.eo.OrderItemsDefImpl"
  CollClass="model.mwgl.eo.OrderItemsCollImpl">
  <DesignTime>
    <Attr Name="_codeGenFlag2" Value="Init|Delete|Access|DML|Def|Coll"/>
    <AttrArray Name="_publishEvents"/>
    <Attr Name="_isCodegen" Value="true"/>
  </DesignTime>
  <Attribute
    Name="OrderId"
    IsNotNull="true"
    Precision="15"
    Scale="0"
    ColumnName="ORDER_ID"
    SQLType="NUMERIC"
    Type="oracle.jbo.domain.Number"
    ColumnType="NUMBER"
    TableName="ORDER_ITEMS"
    PrimaryKey="true">
    <DesignTime>
      <Attr Name="_DisplaySize" Value="16"/>
    </DesignTime>
  </Attribute>
  <Attribute
    Name="LineItemId"
    IsNotNull="true"
    Precision="15"
    Scale="0"
    ColumnName="LINE_ITEM_ID"
    SQLType="NUMERIC"
    Type="oracle.jbo.domain.Number"
    ColumnType="NUMBER"
    TableName="ORDER_ITEMS"
    PrimaryKey="true">
    <DesignTime>
      <Attr Name="_DisplaySize" Value="16"/>
    </DesignTime>
  </Attribute>
  <Attribute
    Name="ProductId"
    IsNotNull="true"
    Precision="15"
    Scale="0"
    ColumnName="PRODUCT_ID"
    SQLType="NUMERIC"
    Type="oracle.jbo.domain.Number"
    ColumnType="NUMBER"
    TableName="ORDER_ITEMS">
    <DesignTime>
      <Attr Name="_DisplaySize" Value="16"/>
    </DesignTime>
  </Attribute>
  <Attribute
    Name="Quantity"
    IsNotNull="true"
    Precision="6"
    Scale="0"
    ColumnName="QUANTITY"
    SQLType="NUMERIC"
    Type="java.lang.Integer"
    ColumnType="NUMBER"
    TableName="ORDER_ITEMS">
    <DesignTime>
      <Attr Name="_DisplaySize" Value="7"/>
    </DesignTime>
  </Attribute>
  <Attribute
    Name="UnitPrice"
    IsNotNull="true"
    Precision="8"
    Scale="2"
    ColumnName="UNIT_PRICE"
    SQLType="NUMERIC"
    Type="oracle.jbo.domain.Number"
    ColumnType="NUMBER"
    TableName="ORDER_ITEMS">
    <DesignTime>
      <Attr Name="_DisplaySize" Value="10"/>
    </DesignTime>
  </Attribute>
  <Attribute
    Name="CreatedBy"
    IsNotNull="true"
    Precision="60"
    ColumnName="CREATED_BY"
    SQLType="VARCHAR"
    Type="java.lang.String"
    ColumnType="VARCHAR2"
    TableName="ORDER_ITEMS">
    <DesignTime>
      <Attr Name="_DisplaySize" Value="60"/>
    </DesignTime>
  </Attribute>
  <Attribute
    Name="CreationDate"
    IsNotNull="true"
    ColumnName="CREATION_DATE"
    SQLType="TIMESTAMP"
    Type="oracle.jbo.domain.Date"
    ColumnType="DATE"
    TableName="ORDER_ITEMS">
    <DesignTime>
      <Attr Name="_DisplaySize" Value="7"/>
    </DesignTime>
  </Attribute>
  <Attribute
    Name="LastUpdatedBy"
    IsNotNull="true"
    Precision="60"
    ColumnName="LAST_UPDATED_BY"
    SQLType="VARCHAR"
    Type="java.lang.String"
    ColumnType="VARCHAR2"
    TableName="ORDER_ITEMS">
    <DesignTime>
      <Attr Name="_DisplaySize" Value="60"/>
    </DesignTime>
  </Attribute>
  <Attribute
    Name="LastUpdateDate"
    IsNotNull="true"
    ColumnName="LAST_UPDATE_DATE"
    SQLType="TIMESTAMP"
    Type="oracle.jbo.domain.Date"
    ColumnType="DATE"
    TableName="ORDER_ITEMS">
    <DesignTime>
      <Attr Name="_DisplaySize" Value="7"/>
    </DesignTime>
  </Attribute>
  <Attribute
    Name="ObjectVersionId"
    IsNotNull="true"
    Precision="15"
    Scale="0"
    ColumnName="OBJECT_VERSION_ID"
    SQLType="NUMERIC"
    Type="oracle.jbo.domain.Number"
    ColumnType="NUMBER"
    TableName="ORDER_ITEMS">
    <DesignTime>
      <Attr Name="_DisplaySize" Value="16"/>
    </DesignTime>
  </Attribute>
  <Attribute
    Name="ListPrice"
    IsQueriable="false"
    IsPersistent="false"
    ColumnName="LISTPRICE"
    SQLType="NUMERIC"
    Type="oracle.jbo.domain.Number"
    ColumnType="$none$">
    <RecalcCondition><![CDATA[true]]></RecalcCondition>
    <TransientExpression><![CDATA[if(ProductsBase != null)
{ return ProductsBase.ListPrice;
}
else { 
return 0;
}]]></TransientExpression>
  </Attribute>
  <AccessorAttribute
    Name="Orders"
    Association="model.mwgl.eo.Assoc.OrderItemsOrdersFkAssoc"
    AssociationEnd="model.mwgl.eo.Assoc.OrderItemsOrdersFkAssoc.Orders"
    AssociationOtherEnd="model.mwgl.eo.Assoc.OrderItemsOrdersFkAssoc.OrderItems"
    Type="oracle.jbo.server.EntityImpl"
    IsUpdateable="true"/>
  <AccessorAttribute
    Name="ProductsBase"
    Association="model.mwgl.eo.Assoc.OrderItemsProductsFkAssoc"
    AssociationEnd="model.mwgl.eo.Assoc.OrderItemsProductsFkAssoc.ProductsBase"
    AssociationOtherEnd="model.mwgl.eo.Assoc.OrderItemsProductsFkAssoc.OrderItems"
    Type="oracle.jbo.server.EntityImpl"
    IsUpdateable="true"/>
  <Key
    Name="OrderItemsPk"
    PrimaryKey="true">
    <DesignTime>
      <Attr Name="_DBObjectName" Value="ORDER_ITEMS_PK"/>
    </DesignTime>
    <AttrArray Name="Attributes">
      <Item Value="model.mwgl.eo.OrderItems.OrderId"/>
      <Item Value="model.mwgl.eo.OrderItems.LineItemId"/>
    </AttrArray>
  </Key>
  <Key
    Name="SysC007270">
    <DesignTime>
      <Attr Name="_DBObjectName" Value="SYS_C007270"/>
      <Attr Name="_checkCondition" Value='"ORDER_ID" IS NOT NULL'/>
      <Attr Name="_isCheck" Value="true"/>
    </DesignTime>
    <AttrArray Name="Attributes">
      <Item Value="model.mwgl.eo.OrderItems.OrderId"/>
    </AttrArray>
  </Key>
  <Key
    Name="SysC007271">
    <DesignTime>
      <Attr Name="_DBObjectName" Value="SYS_C007271"/>
      <Attr Name="_checkCondition" Value='"LINE_ITEM_ID" IS NOT NULL'/>
      <Attr Name="_isCheck" Value="true"/>
    </DesignTime>
    <AttrArray Name="Attributes">
      <Item Value="model.mwgl.eo.OrderItems.LineItemId"/>
    </AttrArray>
  </Key>
  <Key
    Name="SysC007272">
    <DesignTime>
      <Attr Name="_DBObjectName" Value="SYS_C007272"/>
      <Attr Name="_checkCondition" Value='"PRODUCT_ID" IS NOT NULL'/>
      <Attr Name="_isCheck" Value="true"/>
    </DesignTime>
    <AttrArray Name="Attributes">
      <Item Value="model.mwgl.eo.OrderItems.ProductId"/>
    </AttrArray>
  </Key>
  <Key
    Name="SysC007273">
    <DesignTime>
      <Attr Name="_DBObjectName" Value="SYS_C007273"/>
      <Attr Name="_checkCondition" Value='"QUANTITY" IS NOT NULL'/>
      <Attr Name="_isCheck" Value="true"/>
    </DesignTime>
    <AttrArray Name="Attributes">
      <Item Value="model.mwgl.eo.OrderItems.Quantity"/>
    </AttrArray>
  </Key>
  <Key
    Name="SysC007274">
    <DesignTime>
      <Attr Name="_DBObjectName" Value="SYS_C007274"/>
      <Attr Name="_checkCondition" Value='"UNIT_PRICE" IS NOT NULL'/>
      <Attr Name="_isCheck" Value="true"/>
    </DesignTime>
    <AttrArray Name="Attributes">
      <Item Value="model.mwgl.eo.OrderItems.UnitPrice"/>
    </AttrArray>
  </Key>
  <Key
    Name="SysC007275">
    <DesignTime>
      <Attr Name="_DBObjectName" Value="SYS_C007275"/>
      <Attr Name="_checkCondition" Value='"CREATED_BY" IS NOT NULL'/>
      <Attr Name="_isCheck" Value="true"/>
    </DesignTime>
    <AttrArray Name="Attributes">
      <Item Value="model.mwgl.eo.OrderItems.CreatedBy"/>
    </AttrArray>
  </Key>
  <Key
    Name="SysC007276">
    <DesignTime>
      <Attr Name="_DBObjectName" Value="SYS_C007276"/>
      <Attr Name="_checkCondition" Value='"CREATION_DATE" IS NOT NULL'/>
      <Attr Name="_isCheck" Value="true"/>
    </DesignTime>
    <AttrArray Name="Attributes">
      <Item Value="model.mwgl.eo.OrderItems.CreationDate"/>
    </AttrArray>
  </Key>
  <Key
    Name="SysC007277">
    <DesignTime>
      <Attr Name="_DBObjectName" Value="SYS_C007277"/>
      <Attr Name="_checkCondition" Value='"LAST_UPDATED_BY" IS NOT NULL'/>
      <Attr Name="_isCheck" Value="true"/>
    </DesignTime>
    <AttrArray Name="Attributes">
      <Item Value="model.mwgl.eo.OrderItems.LastUpdatedBy"/>
    </AttrArray>
  </Key>
  <Key
    Name="SysC007278">
    <DesignTime>
      <Attr Name="_DBObjectName" Value="SYS_C007278"/>
      <Attr Name="_checkCondition" Value='"LAST_UPDATE_DATE" IS NOT NULL'/>
      <Attr Name="_isCheck" Value="true"/>
    </DesignTime>
    <AttrArray Name="Attributes">
      <Item Value="model.mwgl.eo.OrderItems.LastUpdateDate"/>
    </AttrArray>
  </Key>
  <Key
    Name="SysC007279">
    <DesignTime>
      <Attr Name="_DBObjectName" Value="SYS_C007279"/>
      <Attr Name="_checkCondition" Value='"OBJECT_VERSION_ID" IS NOT NULL'/>
      <Attr Name="_isCheck" Value="true"/>
    </DesignTime>
    <AttrArray Name="Attributes">
      <Item Value="model.mwgl.eo.OrderItems.ObjectVersionId"/>
    </AttrArray>
  </Key>
  <Key
    Name="OrderItemsOrdersFk">
    <DesignTime>
      <Attr Name="_referencedKey" Value="ORDERS_PK"/>
      <Attr Name="_isForeign" Value="true"/>
      <Attr Name="_DBObjectName" Value="ORDER_ITEMS_ORDERS_FK"/>
    </DesignTime>
    <AttrArray Name="Attributes">
      <Item Value="model.mwgl.eo.OrderItems.OrderId"/>
    </AttrArray>
  </Key>
  <Key
    Name="OrderItemsProductsFk">
    <DesignTime>
      <Attr Name="_referencedKey" Value="PRODUCTS_PK"/>
      <Attr Name="_isForeign" Value="true"/>
      <Attr Name="_DBObjectName" Value="ORDER_ITEMS_PRODUCTS_FK"/>
    </DesignTime>
    <AttrArray Name="Attributes">
      <Item Value="model.mwgl.eo.OrderItems.ProductId"/>
    </AttrArray>
  </Key>
</Entity>
