<?xml version="1.0" encoding="windows-1252" ?>
<!DOCTYPE Entity SYSTEM "jbo_03_01.dtd">
<!---->
<Entity
  xmlns="http://xmlns.oracle.com/bc4j"
  Name="PaymentOptions"
  Version="11.1.1.64.93"
  InheritPersonalization="true"
  DBObjectType="table"
  DBObjectName="PAYMENT_OPTIONS"
  AliasName="PaymentOptions"
  BindingStyle="OracleName"
  UseGlueCode="false">
  <DesignTime>
    <Attr Name="_codeGenFlag2" Value="Access"/>
    <AttrArray Name="_publishEvents"/>
  </DesignTime>
  <Attribute
    Name="PaymentOptionId"
    IsNotNull="true"
    Precision="16"
    Scale="0"
    ColumnName="PAYMENT_OPTION_ID"
    SQLType="NUMERIC"
    Type="oracle.jbo.domain.Number"
    ColumnType="NUMBER"
    TableName="PAYMENT_OPTIONS"
    PrimaryKey="true">
    <DesignTime>
      <Attr Name="_DisplaySize" Value="17"/>
    </DesignTime>
  </Attribute>
  <Attribute
    Name="CustomerId"
    IsNotNull="true"
    Precision="15"
    Scale="0"
    ColumnName="CUSTOMER_ID"
    SQLType="NUMERIC"
    Type="oracle.jbo.domain.Number"
    ColumnType="NUMBER"
    TableName="PAYMENT_OPTIONS">
    <DesignTime>
      <Attr Name="_DisplaySize" Value="16"/>
    </DesignTime>
  </Attribute>
  <Attribute
    Name="PaymentTypeCode"
    IsNotNull="true"
    Precision="30"
    ColumnName="PAYMENT_TYPE_CODE"
    SQLType="VARCHAR"
    Type="java.lang.String"
    ColumnType="VARCHAR2"
    TableName="PAYMENT_OPTIONS">
    <DesignTime>
      <Attr Name="_DisplaySize" Value="30"/>
    </DesignTime>
  </Attribute>
  <Attribute
    Name="BillingAddressId"
    Precision="38"
    Scale="0"
    ColumnName="BILLING_ADDRESS_ID"
    SQLType="NUMERIC"
    Type="oracle.jbo.domain.Number"
    ColumnType="NUMBER"
    TableName="PAYMENT_OPTIONS">
    <DesignTime>
      <Attr Name="_DisplaySize" Value="39"/>
    </DesignTime>
  </Attribute>
  <Attribute
    Name="AccountNumber"
    IsNotNull="true"
    Precision="19"
    Scale="0"
    ColumnName="ACCOUNT_NUMBER"
    SQLType="NUMERIC"
    Type="oracle.jbo.domain.Number"
    ColumnType="NUMBER"
    TableName="PAYMENT_OPTIONS">
    <DesignTime>
      <Attr Name="_DisplaySize" Value="20"/>
    </DesignTime>
  </Attribute>
  <Attribute
    Name="CardTypeCode"
    Precision="30"
    ColumnName="CARD_TYPE_CODE"
    SQLType="VARCHAR"
    Type="java.lang.String"
    ColumnType="VARCHAR2"
    TableName="PAYMENT_OPTIONS">
    <DesignTime>
      <Attr Name="_DisplaySize" Value="30"/>
    </DesignTime>
  </Attribute>
  <Attribute
    Name="ExpireDate"
    ColumnName="EXPIRE_DATE"
    SQLType="TIMESTAMP"
    Type="oracle.jbo.domain.Date"
    ColumnType="DATE"
    TableName="PAYMENT_OPTIONS">
    <DesignTime>
      <Attr Name="_DisplaySize" Value="7"/>
    </DesignTime>
  </Attribute>
  <Attribute
    Name="CheckDigits"
    Precision="4"
    Scale="0"
    ColumnName="CHECK_DIGITS"
    SQLType="NUMERIC"
    Type="oracle.jbo.domain.Number"
    ColumnType="NUMBER"
    TableName="PAYMENT_OPTIONS">
    <DesignTime>
      <Attr Name="_DisplaySize" Value="5"/>
    </DesignTime>
  </Attribute>
  <Attribute
    Name="RoutingIdentifier"
    Precision="15"
    ColumnName="ROUTING_IDENTIFIER"
    SQLType="VARCHAR"
    Type="java.lang.String"
    ColumnType="VARCHAR2"
    TableName="PAYMENT_OPTIONS">
    <DesignTime>
      <Attr Name="_DisplaySize" Value="15"/>
    </DesignTime>
  </Attribute>
  <Attribute
    Name="InstitutionName"
    Precision="120"
    ColumnName="INSTITUTION_NAME"
    SQLType="VARCHAR"
    Type="java.lang.String"
    ColumnType="VARCHAR2"
    TableName="PAYMENT_OPTIONS">
    <DesignTime>
      <Attr Name="_DisplaySize" Value="120"/>
    </DesignTime>
  </Attribute>
  <Attribute
    Name="ValidFromDate"
    ColumnName="VALID_FROM_DATE"
    SQLType="TIMESTAMP"
    Type="oracle.jbo.domain.Date"
    ColumnType="DATE"
    TableName="PAYMENT_OPTIONS">
    <DesignTime>
      <Attr Name="_DisplaySize" Value="7"/>
    </DesignTime>
  </Attribute>
  <Attribute
    Name="ValidToDate"
    ColumnName="VALID_TO_DATE"
    SQLType="TIMESTAMP"
    Type="oracle.jbo.domain.Date"
    ColumnType="DATE"
    TableName="PAYMENT_OPTIONS">
    <DesignTime>
      <Attr Name="_DisplaySize" Value="7"/>
    </DesignTime>
  </Attribute>
  <Attribute
    Name="CreatedBy"
    IsNotNull="true"
    Precision="60"
    ColumnName="CREATED_BY"
    SQLType="VARCHAR"
    Type="java.lang.String"
    ColumnType="VARCHAR2"
    TableName="PAYMENT_OPTIONS">
    <DesignTime>
      <Attr Name="_DisplaySize" Value="60"/>
    </DesignTime>
  </Attribute>
  <Attribute
    Name="CreationDate"
    IsNotNull="true"
    ColumnName="CREATION_DATE"
    SQLType="TIMESTAMP"
    Type="oracle.jbo.domain.Date"
    ColumnType="DATE"
    TableName="PAYMENT_OPTIONS">
    <DesignTime>
      <Attr Name="_DisplaySize" Value="7"/>
    </DesignTime>
  </Attribute>
  <Attribute
    Name="LastUpdatedBy"
    IsNotNull="true"
    Precision="60"
    ColumnName="LAST_UPDATED_BY"
    SQLType="VARCHAR"
    Type="java.lang.String"
    ColumnType="VARCHAR2"
    TableName="PAYMENT_OPTIONS">
    <DesignTime>
      <Attr Name="_DisplaySize" Value="60"/>
    </DesignTime>
  </Attribute>
  <Attribute
    Name="LastUpdateDate"
    IsNotNull="true"
    ColumnName="LAST_UPDATE_DATE"
    SQLType="TIMESTAMP"
    Type="oracle.jbo.domain.Date"
    ColumnType="DATE"
    TableName="PAYMENT_OPTIONS">
    <DesignTime>
      <Attr Name="_DisplaySize" Value="7"/>
    </DesignTime>
  </Attribute>
  <Attribute
    Name="ObjectVersionId"
    IsNotNull="true"
    Precision="15"
    Scale="0"
    ColumnName="OBJECT_VERSION_ID"
    SQLType="NUMERIC"
    Type="oracle.jbo.domain.Number"
    ColumnType="NUMBER"
    TableName="PAYMENT_OPTIONS">
    <DesignTime>
      <Attr Name="_DisplaySize" Value="16"/>
    </DesignTime>
  </Attribute>
  <AccessorAttribute
    Name="Persons"
    Association="model.mwgl.eo.Assoc.PaymentOptionsPersonsFkAssoc"
    AssociationEnd="model.mwgl.eo.Assoc.PaymentOptionsPersonsFkAssoc.Persons"
    AssociationOtherEnd="model.mwgl.eo.Assoc.PaymentOptionsPersonsFkAssoc.PaymentOptions"
    Type="oracle.jbo.server.EntityImpl"
    IsUpdateable="true"/>
  <AccessorAttribute
    Name="Orders"
    Association="model.mwgl.eo.Assoc.OrdersPaymentOptionsFkAssoc"
    AssociationEnd="model.mwgl.eo.Assoc.OrdersPaymentOptionsFkAssoc.Orders"
    AssociationOtherEnd="model.mwgl.eo.Assoc.OrdersPaymentOptionsFkAssoc.PaymentOptions"
    Type="oracle.jbo.RowIterator"
    IsUpdateable="false"/>
  <Key
    Name="PaymentOptionsPk"
    PrimaryKey="true">
    <DesignTime>
      <Attr Name="_DBObjectName" Value="PAYMENT_OPTIONS_PK"/>
    </DesignTime>
    <AttrArray Name="Attributes">
      <Item Value="model.mwgl.eo.PaymentOptions.PaymentOptionId"/>
    </AttrArray>
  </Key>
  <Key
    Name="SysC007237">
    <DesignTime>
      <Attr Name="_DBObjectName" Value="SYS_C007237"/>
      <Attr Name="_checkCondition" Value='"PAYMENT_OPTION_ID" IS NOT NULL'/>
      <Attr Name="_isCheck" Value="true"/>
    </DesignTime>
    <AttrArray Name="Attributes">
      <Item Value="model.mwgl.eo.PaymentOptions.PaymentOptionId"/>
    </AttrArray>
  </Key>
  <Key
    Name="SysC007238">
    <DesignTime>
      <Attr Name="_DBObjectName" Value="SYS_C007238"/>
      <Attr Name="_checkCondition" Value='"CUSTOMER_ID" IS NOT NULL'/>
      <Attr Name="_isCheck" Value="true"/>
    </DesignTime>
    <AttrArray Name="Attributes">
      <Item Value="model.mwgl.eo.PaymentOptions.CustomerId"/>
    </AttrArray>
  </Key>
  <Key
    Name="SysC007239">
    <DesignTime>
      <Attr Name="_DBObjectName" Value="SYS_C007239"/>
      <Attr Name="_checkCondition" Value='"PAYMENT_TYPE_CODE" IS NOT NULL'/>
      <Attr Name="_isCheck" Value="true"/>
    </DesignTime>
    <AttrArray Name="Attributes">
      <Item Value="model.mwgl.eo.PaymentOptions.PaymentTypeCode"/>
    </AttrArray>
  </Key>
  <Key
    Name="SysC007240">
    <DesignTime>
      <Attr Name="_DBObjectName" Value="SYS_C007240"/>
      <Attr Name="_checkCondition" Value='"ACCOUNT_NUMBER" IS NOT NULL'/>
      <Attr Name="_isCheck" Value="true"/>
    </DesignTime>
    <AttrArray Name="Attributes">
      <Item Value="model.mwgl.eo.PaymentOptions.AccountNumber"/>
    </AttrArray>
  </Key>
  <Key
    Name="SysC007241">
    <DesignTime>
      <Attr Name="_DBObjectName" Value="SYS_C007241"/>
      <Attr Name="_checkCondition" Value='"CREATED_BY" IS NOT NULL'/>
      <Attr Name="_isCheck" Value="true"/>
    </DesignTime>
    <AttrArray Name="Attributes">
      <Item Value="model.mwgl.eo.PaymentOptions.CreatedBy"/>
    </AttrArray>
  </Key>
  <Key
    Name="SysC007242">
    <DesignTime>
      <Attr Name="_DBObjectName" Value="SYS_C007242"/>
      <Attr Name="_checkCondition" Value='"CREATION_DATE" IS NOT NULL'/>
      <Attr Name="_isCheck" Value="true"/>
    </DesignTime>
    <AttrArray Name="Attributes">
      <Item Value="model.mwgl.eo.PaymentOptions.CreationDate"/>
    </AttrArray>
  </Key>
  <Key
    Name="SysC007243">
    <DesignTime>
      <Attr Name="_DBObjectName" Value="SYS_C007243"/>
      <Attr Name="_checkCondition" Value='"LAST_UPDATED_BY" IS NOT NULL'/>
      <Attr Name="_isCheck" Value="true"/>
    </DesignTime>
    <AttrArray Name="Attributes">
      <Item Value="model.mwgl.eo.PaymentOptions.LastUpdatedBy"/>
    </AttrArray>
  </Key>
  <Key
    Name="SysC007244">
    <DesignTime>
      <Attr Name="_DBObjectName" Value="SYS_C007244"/>
      <Attr Name="_checkCondition" Value='"LAST_UPDATE_DATE" IS NOT NULL'/>
      <Attr Name="_isCheck" Value="true"/>
    </DesignTime>
    <AttrArray Name="Attributes">
      <Item Value="model.mwgl.eo.PaymentOptions.LastUpdateDate"/>
    </AttrArray>
  </Key>
  <Key
    Name="SysC007245">
    <DesignTime>
      <Attr Name="_DBObjectName" Value="SYS_C007245"/>
      <Attr Name="_checkCondition" Value='"OBJECT_VERSION_ID" IS NOT NULL'/>
      <Attr Name="_isCheck" Value="true"/>
    </DesignTime>
    <AttrArray Name="Attributes">
      <Item Value="model.mwgl.eo.PaymentOptions.ObjectVersionId"/>
    </AttrArray>
  </Key>
  <Key
    Name="PaymentOptionsPersonsFk">
    <DesignTime>
      <Attr Name="_referencedKey" Value="PERSONS_PK"/>
      <Attr Name="_isForeign" Value="true"/>
      <Attr Name="_DBObjectName" Value="PAYMENT_OPTIONS_PERSONS_FK"/>
    </DesignTime>
    <AttrArray Name="Attributes">
      <Item Value="model.mwgl.eo.PaymentOptions.CustomerId"/>
    </AttrArray>
  </Key>
</Entity>
