<?xml version="1.0" encoding="windows-1252" ?>
<!DOCTYPE Entity SYSTEM "jbo_03_01.dtd">
<!---->
<Entity
  xmlns="http://xmlns.oracle.com/bc4j"
  Name="ProductsBase"
  Version="11.1.1.64.93"
  InheritPersonalization="true"
  DBObjectType="table"
  DBObjectName="PRODUCTS_BASE"
  AliasName="ProductsBase"
  BindingStyle="OracleName"
  UseGlueCode="false">
  <DesignTime>
    <Attr Name="_codeGenFlag2" Value="Access"/>
    <AttrArray Name="_publishEvents"/>
  </DesignTime>
  <Attribute
    Name="ProductId"
    IsNotNull="true"
    Precision="15"
    Scale="0"
    ColumnName="PRODUCT_ID"
    SQLType="NUMERIC"
    Type="oracle.jbo.domain.Number"
    ColumnType="NUMBER"
    TableName="PRODUCTS_BASE"
    PrimaryKey="true">
    <DesignTime>
      <Attr Name="_DisplaySize" Value="16"/>
    </DesignTime>
  </Attribute>
  <Attribute
    Name="SupplierId"
    IsNotNull="true"
    Precision="15"
    Scale="0"
    ColumnName="SUPPLIER_ID"
    SQLType="NUMERIC"
    Type="oracle.jbo.domain.Number"
    ColumnType="NUMBER"
    TableName="PRODUCTS_BASE">
    <DesignTime>
      <Attr Name="_DisplaySize" Value="16"/>
    </DesignTime>
  </Attribute>
  <Attribute
    Name="ParentCategoryId"
    Precision="15"
    Scale="0"
    ColumnName="PARENT_CATEGORY_ID"
    SQLType="NUMERIC"
    Type="oracle.jbo.domain.Number"
    ColumnType="NUMBER"
    TableName="PRODUCTS_BASE">
    <DesignTime>
      <Attr Name="_DisplaySize" Value="16"/>
    </DesignTime>
  </Attribute>
  <Attribute
    Name="CategoryId"
    Precision="15"
    Scale="0"
    ColumnName="CATEGORY_ID"
    SQLType="NUMERIC"
    Type="oracle.jbo.domain.Number"
    ColumnType="NUMBER"
    TableName="PRODUCTS_BASE">
    <DesignTime>
      <Attr Name="_DisplaySize" Value="16"/>
    </DesignTime>
  </Attribute>
  <Attribute
    Name="ProductName"
    IsNotNull="true"
    Precision="50"
    ColumnName="PRODUCT_NAME"
    SQLType="VARCHAR"
    Type="java.lang.String"
    ColumnType="VARCHAR2"
    TableName="PRODUCTS_BASE">
    <DesignTime>
      <Attr Name="_DisplaySize" Value="50"/>
    </DesignTime>
  </Attribute>
  <Attribute
    Name="ProductStatus"
    IsNotNull="true"
    Precision="30"
    ColumnName="PRODUCT_STATUS"
    SQLType="VARCHAR"
    Type="java.lang.String"
    ColumnType="VARCHAR2"
    TableName="PRODUCTS_BASE">
    <DesignTime>
      <Attr Name="_DisplaySize" Value="30"/>
    </DesignTime>
  </Attribute>
  <Attribute
    Name="CostPrice"
    Precision="8"
    Scale="2"
    ColumnName="COST_PRICE"
    SQLType="NUMERIC"
    Type="oracle.jbo.domain.Number"
    ColumnType="NUMBER"
    TableName="PRODUCTS_BASE">
    <DesignTime>
      <Attr Name="_DisplaySize" Value="10"/>
    </DesignTime>
  </Attribute>
  <Attribute
    Name="ListPrice"
    IsNotNull="true"
    Precision="8"
    Scale="2"
    ColumnName="LIST_PRICE"
    SQLType="NUMERIC"
    Type="oracle.jbo.domain.Number"
    ColumnType="NUMBER"
    TableName="PRODUCTS_BASE">
    <DesignTime>
      <Attr Name="_DisplaySize" Value="10"/>
    </DesignTime>
  </Attribute>
  <Attribute
    Name="MinPrice"
    IsNotNull="true"
    Precision="8"
    Scale="2"
    ColumnName="MIN_PRICE"
    SQLType="NUMERIC"
    Type="oracle.jbo.domain.Number"
    ColumnType="NUMBER"
    TableName="PRODUCTS_BASE">
    <DesignTime>
      <Attr Name="_DisplaySize" Value="10"/>
    </DesignTime>
  </Attribute>
  <Attribute
    Name="WarrantyPeriodMonths"
    Precision="2"
    Scale="0"
    ColumnName="WARRANTY_PERIOD_MONTHS"
    SQLType="NUMERIC"
    Type="oracle.jbo.domain.Number"
    ColumnType="NUMBER"
    TableName="PRODUCTS_BASE">
    <DesignTime>
      <Attr Name="_DisplaySize" Value="3"/>
    </DesignTime>
  </Attribute>
  <Attribute
    Name="ShippingClassCode"
    IsNotNull="true"
    Precision="30"
    ColumnName="SHIPPING_CLASS_CODE"
    SQLType="VARCHAR"
    Type="java.lang.String"
    ColumnType="VARCHAR2"
    TableName="PRODUCTS_BASE">
    <DesignTime>
      <Attr Name="_DisplaySize" Value="30"/>
    </DesignTime>
  </Attribute>
  <Attribute
    Name="ExternalUrl"
    Precision="200"
    ColumnName="EXTERNAL_URL"
    SQLType="VARCHAR"
    Type="java.lang.String"
    ColumnType="VARCHAR2"
    TableName="PRODUCTS_BASE">
    <DesignTime>
      <Attr Name="_DisplaySize" Value="200"/>
    </DesignTime>
  </Attribute>
  <Attribute
    Name="AttributeCategory"
    Precision="30"
    ColumnName="ATTRIBUTE_CATEGORY"
    SQLType="VARCHAR"
    Type="java.lang.String"
    ColumnType="VARCHAR2"
    TableName="PRODUCTS_BASE">
    <DesignTime>
      <Attr Name="_DisplaySize" Value="30"/>
    </DesignTime>
  </Attribute>
  <Attribute
    Name="Attribute1"
    Precision="150"
    ColumnName="ATTRIBUTE1"
    SQLType="VARCHAR"
    Type="java.lang.String"
    ColumnType="VARCHAR2"
    TableName="PRODUCTS_BASE">
    <DesignTime>
      <Attr Name="_DisplaySize" Value="150"/>
    </DesignTime>
  </Attribute>
  <Attribute
    Name="Attribute2"
    Precision="150"
    ColumnName="ATTRIBUTE2"
    SQLType="VARCHAR"
    Type="java.lang.String"
    ColumnType="VARCHAR2"
    TableName="PRODUCTS_BASE">
    <DesignTime>
      <Attr Name="_DisplaySize" Value="150"/>
    </DesignTime>
  </Attribute>
  <Attribute
    Name="Attribute3"
    Precision="150"
    ColumnName="ATTRIBUTE3"
    SQLType="VARCHAR"
    Type="java.lang.String"
    ColumnType="VARCHAR2"
    TableName="PRODUCTS_BASE">
    <DesignTime>
      <Attr Name="_DisplaySize" Value="150"/>
    </DesignTime>
  </Attribute>
  <Attribute
    Name="Attribute4"
    Precision="150"
    ColumnName="ATTRIBUTE4"
    SQLType="VARCHAR"
    Type="java.lang.String"
    ColumnType="VARCHAR2"
    TableName="PRODUCTS_BASE">
    <DesignTime>
      <Attr Name="_DisplaySize" Value="150"/>
    </DesignTime>
  </Attribute>
  <Attribute
    Name="Attribute5"
    Precision="150"
    ColumnName="ATTRIBUTE5"
    SQLType="VARCHAR"
    Type="java.lang.String"
    ColumnType="VARCHAR2"
    TableName="PRODUCTS_BASE">
    <DesignTime>
      <Attr Name="_DisplaySize" Value="150"/>
    </DesignTime>
  </Attribute>
  <Attribute
    Name="Attribute6"
    Precision="150"
    ColumnName="ATTRIBUTE6"
    SQLType="VARCHAR"
    Type="java.lang.String"
    ColumnType="VARCHAR2"
    TableName="PRODUCTS_BASE">
    <DesignTime>
      <Attr Name="_DisplaySize" Value="150"/>
    </DesignTime>
  </Attribute>
  <Attribute
    Name="Attribute7"
    Precision="150"
    ColumnName="ATTRIBUTE7"
    SQLType="VARCHAR"
    Type="java.lang.String"
    ColumnType="VARCHAR2"
    TableName="PRODUCTS_BASE">
    <DesignTime>
      <Attr Name="_DisplaySize" Value="150"/>
    </DesignTime>
  </Attribute>
  <Attribute
    Name="Attribute8"
    Precision="150"
    ColumnName="ATTRIBUTE8"
    SQLType="VARCHAR"
    Type="java.lang.String"
    ColumnType="VARCHAR2"
    TableName="PRODUCTS_BASE">
    <DesignTime>
      <Attr Name="_DisplaySize" Value="150"/>
    </DesignTime>
  </Attribute>
  <Attribute
    Name="Attribute9"
    Precision="150"
    ColumnName="ATTRIBUTE9"
    SQLType="VARCHAR"
    Type="java.lang.String"
    ColumnType="VARCHAR2"
    TableName="PRODUCTS_BASE">
    <DesignTime>
      <Attr Name="_DisplaySize" Value="150"/>
    </DesignTime>
  </Attribute>
  <Attribute
    Name="Attribute10"
    Precision="150"
    ColumnName="ATTRIBUTE10"
    SQLType="VARCHAR"
    Type="java.lang.String"
    ColumnType="VARCHAR2"
    TableName="PRODUCTS_BASE">
    <DesignTime>
      <Attr Name="_DisplaySize" Value="150"/>
    </DesignTime>
  </Attribute>
  <Attribute
    Name="Attribute11"
    Precision="150"
    ColumnName="ATTRIBUTE11"
    SQLType="VARCHAR"
    Type="java.lang.String"
    ColumnType="VARCHAR2"
    TableName="PRODUCTS_BASE">
    <DesignTime>
      <Attr Name="_DisplaySize" Value="150"/>
    </DesignTime>
  </Attribute>
  <Attribute
    Name="Attribute12"
    Precision="150"
    ColumnName="ATTRIBUTE12"
    SQLType="VARCHAR"
    Type="java.lang.String"
    ColumnType="VARCHAR2"
    TableName="PRODUCTS_BASE">
    <DesignTime>
      <Attr Name="_DisplaySize" Value="150"/>
    </DesignTime>
  </Attribute>
  <Attribute
    Name="Attribute13"
    Precision="150"
    ColumnName="ATTRIBUTE13"
    SQLType="VARCHAR"
    Type="java.lang.String"
    ColumnType="VARCHAR2"
    TableName="PRODUCTS_BASE">
    <DesignTime>
      <Attr Name="_DisplaySize" Value="150"/>
    </DesignTime>
  </Attribute>
  <Attribute
    Name="Attribute14"
    Precision="150"
    ColumnName="ATTRIBUTE14"
    SQLType="VARCHAR"
    Type="java.lang.String"
    ColumnType="VARCHAR2"
    TableName="PRODUCTS_BASE">
    <DesignTime>
      <Attr Name="_DisplaySize" Value="150"/>
    </DesignTime>
  </Attribute>
  <Attribute
    Name="Attribute15"
    Precision="150"
    ColumnName="ATTRIBUTE15"
    SQLType="VARCHAR"
    Type="java.lang.String"
    ColumnType="VARCHAR2"
    TableName="PRODUCTS_BASE">
    <DesignTime>
      <Attr Name="_DisplaySize" Value="150"/>
    </DesignTime>
  </Attribute>
  <Attribute
    Name="CreatedBy"
    IsNotNull="true"
    Precision="60"
    ColumnName="CREATED_BY"
    SQLType="VARCHAR"
    Type="java.lang.String"
    ColumnType="VARCHAR2"
    TableName="PRODUCTS_BASE">
    <DesignTime>
      <Attr Name="_DisplaySize" Value="60"/>
    </DesignTime>
  </Attribute>
  <Attribute
    Name="CreationDate"
    IsNotNull="true"
    ColumnName="CREATION_DATE"
    SQLType="TIMESTAMP"
    Type="oracle.jbo.domain.Date"
    ColumnType="DATE"
    TableName="PRODUCTS_BASE">
    <DesignTime>
      <Attr Name="_DisplaySize" Value="7"/>
    </DesignTime>
  </Attribute>
  <Attribute
    Name="LastUpdatedBy"
    IsNotNull="true"
    Precision="60"
    ColumnName="LAST_UPDATED_BY"
    SQLType="VARCHAR"
    Type="java.lang.String"
    ColumnType="VARCHAR2"
    TableName="PRODUCTS_BASE">
    <DesignTime>
      <Attr Name="_DisplaySize" Value="60"/>
    </DesignTime>
  </Attribute>
  <Attribute
    Name="LastUpdateDate"
    IsNotNull="true"
    ColumnName="LAST_UPDATE_DATE"
    SQLType="TIMESTAMP"
    Type="oracle.jbo.domain.Date"
    ColumnType="DATE"
    TableName="PRODUCTS_BASE">
    <DesignTime>
      <Attr Name="_DisplaySize" Value="7"/>
    </DesignTime>
  </Attribute>
  <Attribute
    Name="ObjectVersionId"
    IsNotNull="true"
    Precision="15"
    Scale="0"
    ColumnName="OBJECT_VERSION_ID"
    SQLType="NUMERIC"
    Type="oracle.jbo.domain.Number"
    ColumnType="NUMBER"
    TableName="PRODUCTS_BASE">
    <DesignTime>
      <Attr Name="_DisplaySize" Value="16"/>
    </DesignTime>
  </Attribute>
  <AccessorAttribute
    Name="OrderItems"
    Association="model.mwgl.eo.Assoc.OrderItemsProductsFkAssoc"
    AssociationEnd="model.mwgl.eo.Assoc.OrderItemsProductsFkAssoc.OrderItems"
    AssociationOtherEnd="model.mwgl.eo.Assoc.OrderItemsProductsFkAssoc.ProductsBase"
    Type="oracle.jbo.RowIterator"
    IsUpdateable="false"/>
  <AccessorAttribute
    Name="ProductTranslations"
    Association="model.mwgl.eo.Assoc.ProductTranslationsFkAssoc"
    AssociationEnd="model.mwgl.eo.Assoc.ProductTranslationsFkAssoc.ProductTranslations"
    AssociationOtherEnd="model.mwgl.eo.Assoc.ProductTranslationsFkAssoc.ProductsBase"
    Type="oracle.jbo.RowIterator"
    IsUpdateable="false"/>
  <Key
    Name="ProductsPk"
    PrimaryKey="true">
    <DesignTime>
      <Attr Name="_DBObjectName" Value="PRODUCTS_PK"/>
    </DesignTime>
    <AttrArray Name="Attributes">
      <Item Value="model.mwgl.eo.ProductsBase.ProductId"/>
    </AttrArray>
  </Key>
  <Key
    Name="SysC007280">
    <DesignTime>
      <Attr Name="_DBObjectName" Value="SYS_C007280"/>
      <Attr Name="_checkCondition" Value='"PRODUCT_ID" IS NOT NULL'/>
      <Attr Name="_isCheck" Value="true"/>
    </DesignTime>
    <AttrArray Name="Attributes">
      <Item Value="model.mwgl.eo.ProductsBase.ProductId"/>
    </AttrArray>
  </Key>
  <Key
    Name="SysC007281">
    <DesignTime>
      <Attr Name="_DBObjectName" Value="SYS_C007281"/>
      <Attr Name="_checkCondition" Value='"SUPPLIER_ID" IS NOT NULL'/>
      <Attr Name="_isCheck" Value="true"/>
    </DesignTime>
    <AttrArray Name="Attributes">
      <Item Value="model.mwgl.eo.ProductsBase.SupplierId"/>
    </AttrArray>
  </Key>
  <Key
    Name="SysC007282">
    <DesignTime>
      <Attr Name="_DBObjectName" Value="SYS_C007282"/>
      <Attr Name="_checkCondition" Value='"PRODUCT_NAME" IS NOT NULL'/>
      <Attr Name="_isCheck" Value="true"/>
    </DesignTime>
    <AttrArray Name="Attributes">
      <Item Value="model.mwgl.eo.ProductsBase.ProductName"/>
    </AttrArray>
  </Key>
  <Key
    Name="SysC007283">
    <DesignTime>
      <Attr Name="_DBObjectName" Value="SYS_C007283"/>
      <Attr Name="_checkCondition" Value='"PRODUCT_STATUS" IS NOT NULL'/>
      <Attr Name="_isCheck" Value="true"/>
    </DesignTime>
    <AttrArray Name="Attributes">
      <Item Value="model.mwgl.eo.ProductsBase.ProductStatus"/>
    </AttrArray>
  </Key>
  <Key
    Name="SysC007284">
    <DesignTime>
      <Attr Name="_DBObjectName" Value="SYS_C007284"/>
      <Attr Name="_checkCondition" Value='"LIST_PRICE" IS NOT NULL'/>
      <Attr Name="_isCheck" Value="true"/>
    </DesignTime>
    <AttrArray Name="Attributes">
      <Item Value="model.mwgl.eo.ProductsBase.ListPrice"/>
    </AttrArray>
  </Key>
  <Key
    Name="SysC007285">
    <DesignTime>
      <Attr Name="_DBObjectName" Value="SYS_C007285"/>
      <Attr Name="_checkCondition" Value='"MIN_PRICE" IS NOT NULL'/>
      <Attr Name="_isCheck" Value="true"/>
    </DesignTime>
    <AttrArray Name="Attributes">
      <Item Value="model.mwgl.eo.ProductsBase.MinPrice"/>
    </AttrArray>
  </Key>
  <Key
    Name="SysC007286">
    <DesignTime>
      <Attr Name="_DBObjectName" Value="SYS_C007286"/>
      <Attr Name="_checkCondition" Value='"SHIPPING_CLASS_CODE" IS NOT NULL'/>
      <Attr Name="_isCheck" Value="true"/>
    </DesignTime>
    <AttrArray Name="Attributes">
      <Item Value="model.mwgl.eo.ProductsBase.ShippingClassCode"/>
    </AttrArray>
  </Key>
  <Key
    Name="SysC007287">
    <DesignTime>
      <Attr Name="_DBObjectName" Value="SYS_C007287"/>
      <Attr Name="_checkCondition" Value='"CREATED_BY" IS NOT NULL'/>
      <Attr Name="_isCheck" Value="true"/>
    </DesignTime>
    <AttrArray Name="Attributes">
      <Item Value="model.mwgl.eo.ProductsBase.CreatedBy"/>
    </AttrArray>
  </Key>
  <Key
    Name="SysC007288">
    <DesignTime>
      <Attr Name="_DBObjectName" Value="SYS_C007288"/>
      <Attr Name="_checkCondition" Value='"CREATION_DATE" IS NOT NULL'/>
      <Attr Name="_isCheck" Value="true"/>
    </DesignTime>
    <AttrArray Name="Attributes">
      <Item Value="model.mwgl.eo.ProductsBase.CreationDate"/>
    </AttrArray>
  </Key>
  <Key
    Name="SysC007289">
    <DesignTime>
      <Attr Name="_DBObjectName" Value="SYS_C007289"/>
      <Attr Name="_checkCondition" Value='"LAST_UPDATED_BY" IS NOT NULL'/>
      <Attr Name="_isCheck" Value="true"/>
    </DesignTime>
    <AttrArray Name="Attributes">
      <Item Value="model.mwgl.eo.ProductsBase.LastUpdatedBy"/>
    </AttrArray>
  </Key>
  <Key
    Name="SysC007290">
    <DesignTime>
      <Attr Name="_DBObjectName" Value="SYS_C007290"/>
      <Attr Name="_checkCondition" Value='"LAST_UPDATE_DATE" IS NOT NULL'/>
      <Attr Name="_isCheck" Value="true"/>
    </DesignTime>
    <AttrArray Name="Attributes">
      <Item Value="model.mwgl.eo.ProductsBase.LastUpdateDate"/>
    </AttrArray>
  </Key>
  <Key
    Name="SysC007291">
    <DesignTime>
      <Attr Name="_DBObjectName" Value="SYS_C007291"/>
      <Attr Name="_checkCondition" Value='"OBJECT_VERSION_ID" IS NOT NULL'/>
      <Attr Name="_isCheck" Value="true"/>
    </DesignTime>
    <AttrArray Name="Attributes">
      <Item Value="model.mwgl.eo.ProductsBase.ObjectVersionId"/>
    </AttrArray>
  </Key>
  <Key
    Name="ProductsProductCategoriesFk">
    <DesignTime>
      <Attr Name="_referencedKey" Value="PRODUCT_TAGS_PK"/>
      <Attr Name="_isForeign" Value="true"/>
      <Attr Name="_DBObjectName" Value="PRODUCTS_PRODUCT_CATEGORIES_FK"/>
    </DesignTime>
    <AttrArray Name="Attributes">
      <Item Value="model.mwgl.eo.ProductsBase.CategoryId"/>
    </AttrArray>
  </Key>
  <Key
    Name="ProductsSuppliersFk">
    <DesignTime>
      <Attr Name="_referencedKey" Value="SUPPLIERS_PK"/>
      <Attr Name="_isForeign" Value="true"/>
      <Attr Name="_DBObjectName" Value="PRODUCTS_SUPPLIERS_FK"/>
    </DesignTime>
    <AttrArray Name="Attributes">
      <Item Value="model.mwgl.eo.ProductsBase.SupplierId"/>
    </AttrArray>
  </Key>
</Entity>
