<?xml version="1.0" encoding="windows-1252" ?>
<!DOCTYPE Association SYSTEM "jbo_03_01.dtd">
<!---->
<Association
  xmlns="http://xmlns.oracle.com/bc4j"
  Name="ShippingOptionTranslationFkAssoc"
  Version="11.1.1.64.93"
  InheritPersonalization="true">
  <DesignTime>
    <Attr Name="_isCodegen" Value="true"/>
  </DesignTime>
  <AssociationEnd
    Name="ShippingOptionsBase"
    Cardinality="1"
    Source="true"
    Owner="model.mwgl.eo.ShippingOptionsBase">
    <DesignTime>
      <Attr Name="_aggregation" Value="0"/>
      <Attr Name="_finderName" Value="ShippingOptionsBase"/>
      <Attr Name="_foreignKey"
        Value="model.mwgl.eo.ShippingOptionsBase.ShippingOptionsPk"/>
      <Attr Name="_isUpdateable" Value="true"/>
      <Attr Name="_minCardinality" Value="1"/>
    </DesignTime>
    <AttrArray Name="Attributes">
      <Item Value="model.mwgl.eo.ShippingOptionsBase.ShippingOptionId"/>
    </AttrArray>
  </AssociationEnd>
  <AssociationEnd
    Name="ShippingOptionTranslationsEO"
    Cardinality="-1"
    Owner="model.mwgl.eo.ShippingOptionTranslationsEO">
    <DesignTime>
      <Attr Name="_aggregation" Value="0"/>
      <Attr Name="_finderName" Value="ShippingOptionTranslationsEO"/>
      <Attr Name="_foreignKey"
        Value="model.mwgl.eo.ShippingOptionTranslationsEO.ShippingOptionTranslationFk"/>
      <Attr Name="_isUpdateable" Value="true"/>
    </DesignTime>
    <AttrArray Name="Attributes">
      <Item
        Value="model.mwgl.eo.ShippingOptionTranslationsEO.ShippingOptionId"/>
    </AttrArray>
  </AssociationEnd>
</Association>
