<?xml version="1.0" encoding="windows-1252" ?>
<!DOCTYPE ViewLink SYSTEM "jbo_03_01.dtd">
<!---->
<ViewLink
  xmlns="http://xmlns.oracle.com/bc4j"
  Name="OrdersPaymentOptionsFkLink"
  Version="11.1.1.64.93"
  InheritPersonalization="true"
  EntityAssociation="model.mwgl.eo.Assoc.OrdersPaymentOptionsFkAssoc">
  <DesignTime>
    <Attr Name="_isCodegen" Value="true"/>
  </DesignTime>
  <ViewLinkDefEnd
    Name="PaymentOptionsView"
    Cardinality="1"
    Owner="model.mwgl.vo.PaymentOptionsView"
    Source="true">
    <DesignTime>
      <Attr Name="_finderName" Value="PaymentOptionsView"/>
      <Attr Name="_isUpdateable" Value="true"/>
    </DesignTime>
    <AttrArray Name="Attributes">
      <Item Value="model.mwgl.vo.PaymentOptionsView.PaymentOptionId"/>
    </AttrArray>
  </ViewLinkDefEnd>
  <ViewLinkDefEnd
    Name="OrdersView"
    Cardinality="-1"
    Owner="model.mwgl.vo.OrdersView">
    <DesignTime>
      <Attr Name="_finderName" Value="OrdersView"/>
      <Attr Name="_isUpdateable" Value="true"/>
    </DesignTime>
    <AttrArray Name="Attributes">
      <Item Value="model.mwgl.vo.OrdersView.PaymentOptionId"/>
    </AttrArray>
  </ViewLinkDefEnd>
</ViewLink>
