<?xml version="1.0" encoding="windows-1252" ?>
<!DOCTYPE ViewLink SYSTEM "jbo_03_01.dtd">
<!---->
<ViewLink
  xmlns="http://xmlns.oracle.com/bc4j"
  Name="Payment_toAddress"
  Version="11.1.1.64.93"
  InheritPersonalization="true">
  <DesignTime>
    <Attr Name="_isCodegen" Value="true"/>
  </DesignTime>
  <Properties>
    <SchemaBasedProperties>
      <LABEL
        ResId="model.mwgl.vo.ViewLinks.Payment_toAddress_LABEL"/>
    </SchemaBasedProperties>
  </Properties>
  <ViewLinkDefEnd
    Name="PaymentOptionsView"
    Cardinality="1"
    Owner="model.mwgl.vo.PaymentOptionsView"
    Source="true">
    <DesignTime>
      <Attr Name="_finderName" Value="PaymentOptionsView"/>
      <Attr Name="_isUpdateable" Value="true"/>
    </DesignTime>
    <AttrArray Name="Attributes">
      <Item Value="model.mwgl.vo.PaymentOptionsView.BillingAddressId"/>
    </AttrArray>
  </ViewLinkDefEnd>
  <ViewLinkDefEnd
    Name="AddressesView"
    Cardinality="-1"
    Owner="model.mwgl.vo.AddressesView">
    <DesignTime>
      <Attr Name="_finderName" Value="AddressesView"/>
      <Attr Name="_isUpdateable" Value="true"/>
    </DesignTime>
    <AttrArray Name="Attributes">
      <Item Value="model.mwgl.vo.AddressesView.AddressId"/>
    </AttrArray>
  </ViewLinkDefEnd>
  <ResourceBundle>
    <PropertiesBundle
      PropertiesFile="model.ModelBundle"/>
  </ResourceBundle>
</ViewLink>
