<?xml version="1.0" encoding="windows-1252" ?>
<!DOCTYPE ViewLink SYSTEM "jbo_03_01.dtd">
<!---->
<ViewLink
  xmlns="http://xmlns.oracle.com/bc4j"
  Name="PersonsAddressesFkLink"
  Version="11.1.1.64.93"
  InheritPersonalization="true"
  EntityAssociation="model.mwgl.eo.Assoc.PersonsAddressesFkAssoc">
  <DesignTime>
    <Attr Name="_isCodegen" Value="true"/>
  </DesignTime>
  <ViewLinkDefEnd
    Name="AddressesView"
    Cardinality="1"
    Owner="model.mwgl.vo.AddressesView"
    Source="true">
    <DesignTime>
      <Attr Name="_finderName" Value="AddressesView"/>
      <Attr Name="_isUpdateable" Value="true"/>
    </DesignTime>
    <AttrArray Name="Attributes">
      <Item Value="model.mwgl.vo.AddressesView.AddressId"/>
    </AttrArray>
  </ViewLinkDefEnd>
  <ViewLinkDefEnd
    Name="PersonsView"
    Cardinality="-1"
    Owner="model.mwgl.vo.PersonsView">
    <DesignTime>
      <Attr Name="_finderName" Value="PersonsView"/>
      <Attr Name="_isUpdateable" Value="true"/>
    </DesignTime>
    <AttrArray Name="Attributes">
      <Item Value="model.mwgl.vo.PersonsView.PrimaryAddressId"/>
    </AttrArray>
  </ViewLinkDefEnd>
</ViewLink>
