<?xml version="1.0" encoding="windows-1252" ?>
<!DOCTYPE ViewObject SYSTEM "jbo_03_01.dtd">
<!---->
<ViewObject
  xmlns="http://xmlns.oracle.com/bc4j"
  Name="OrdersView"
  Version="11.1.1.64.93"
  InheritPersonalization="true"
  SelectList="Orders.ORDER_ID, 
       Orders.ORDER_DATE, 
       Orders.ORDER_SHIPPED_DATE, 
       Orders.ORDER_STATUS_CODE, 
       Orders.ORDER_TOTAL, 
       Orders.CUSTOMER_ID, 
       Orders.SHIP_TO_NAME, 
       Orders.SHIP_TO_ADDRESS_ID, 
       Orders.SHIP_TO_PHONE_NUMBER, 
       Orders.SHIPPING_OPTION_ID, 
       Orders.PAYMENT_OPTION_ID, 
       Orders.DISCOUNT_ID, 
       Orders.COUPON_ID, 
       Orders.FREE_SHIPPING_FLAG, 
       Orders.CUSTOMER_COLLECT_FLAG, 
       Orders.COLLECTION_WAREHOUSE_ID, 
       Orders.GIFTWRAP_FLAG, 
       Orders.GIFTWRAP_MESSAGE, 
       Orders.CREATED_BY, 
       Orders.CREATION_DATE, 
       Orders.LAST_UPDATED_BY, 
       Orders.LAST_UPDATE_DATE, 
       Orders.OBJECT_VERSION_ID"
  FromList="ORDERS Orders"
  BindingStyle="OracleName"
  CustomQuery="false"
  PageIterMode="Full"
  UseGlueCode="false"
  RowClass="model.mwgl.vo.OrdersViewRowImpl"
  ComponentClass="model.mwgl.vo.OrdersViewImpl"
  ComponentInterface="model.mwgl.vo.common.OrdersView"
  ClientProxyName="model.mwgl.vo.client.OrdersViewClient">
  <DesignTime>
    <Attr Name="_codeGenFlag2" Value="Access|Coll|VarAccess"/>
    <Attr Name="_isCodegen" Value="true"/>
  </DesignTime>
  <ViewAccessor
    Name="ShippingOptionsView1"
    ViewObjectName="model.mwgl.vo.ShippingOptionsView"
    RowLevelBinds="true"/>
  <ViewAccessor
    Name="PaymentOptionsView1"
    ViewObjectName="model.mwgl.vo.PaymentOptionsView">
    <ViewCriteriaUsage
      Name="PaymentOptionsViewCriteria"
      FullName="model.mwgl.vo.PaymentOptionsView.PaymentOptionsViewCriteria"/>
    <ParameterMap>
      <PIMap Variable="personBindID">
        <TransientExpression><![CDATA[CustomerId]]></TransientExpression>
      </PIMap>
    </ParameterMap>
  </ViewAccessor>
  <ListBinding
    Name="LOV_ShippingOptionId"
    ListVOName="ShippingOptionsView1"
    ListRangeSize="-1"
    NullValueFlag="none"
    NullValueId="LOV_ShippingOptionId_LOVUIHints_NullValueId"
    MRUCount="0">
    <AttrArray Name="AttrNames">
      <Item Value="ShippingOptionId"/>
    </AttrArray>
    <AttrArray Name="ListAttrNames">
      <Item Value="ShippingOptionId"/>
    </AttrArray>
    <AttrArray Name="ListDisplayAttrNames">
      <Item Value="ShippingMethod"/>
    </AttrArray>
    <DisplayCriteria/>
  </ListBinding>
  <ListBinding
    Name="LOV_PaymentOptionId"
    ListVOName="PaymentOptionsView1"
    ListRangeSize="-1"
    NullValueFlag="start"
    NullValueId="${adfBundle['oracle.javatools.resourcebundle.SystemBundle']['NULL_VALUE_RESID']}"
    MRUCount="0">
    <AttrArray Name="AttrNames">
      <Item Value="PaymentOptionId"/>
    </AttrArray>
    <AttrArray Name="ListAttrNames">
      <Item Value="PaymentOptionId"/>
    </AttrArray>
    <AttrArray Name="ListDisplayAttrNames">
      <Item Value="AccountNumber"/>
      <Item Value="CardTypeCode"/>
      <Item Value="InstitutionName"/>
    </AttrArray>
    <DisplayCriteria
      Hint="showAndExecute"/>
  </ListBinding>
  <EntityUsage
    Name="Orders"
    Entity="model.mwgl.eo.Orders"/>
  <ViewAttribute
    Name="OrderId"
    IsNotNull="true"
    PrecisionRule="true"
    EntityAttrName="OrderId"
    EntityUsage="Orders"
    AliasName="ORDER_ID"/>
  <ViewAttribute
    Name="OrderDate"
    IsNotNull="true"
    PrecisionRule="true"
    EntityAttrName="OrderDate"
    EntityUsage="Orders"
    AliasName="ORDER_DATE"/>
  <ViewAttribute
    Name="OrderShippedDate"
    PrecisionRule="true"
    EntityAttrName="OrderShippedDate"
    EntityUsage="Orders"
    AliasName="ORDER_SHIPPED_DATE"/>
  <ViewAttribute
    Name="OrderStatusCode"
    IsNotNull="true"
    PrecisionRule="true"
    EntityAttrName="OrderStatusCode"
    EntityUsage="Orders"
    AliasName="ORDER_STATUS_CODE"/>
  <ViewAttribute
    Name="OrderTotal"
    IsNotNull="true"
    PrecisionRule="true"
    EntityAttrName="OrderTotal"
    EntityUsage="Orders"
    AliasName="ORDER_TOTAL"/>
  <ViewAttribute
    Name="CustomerId"
    IsNotNull="true"
    PrecisionRule="true"
    EntityAttrName="CustomerId"
    EntityUsage="Orders"
    AliasName="CUSTOMER_ID"/>
  <ViewAttribute
    Name="ShipToName"
    PrecisionRule="true"
    EntityAttrName="ShipToName"
    EntityUsage="Orders"
    AliasName="SHIP_TO_NAME"/>
  <ViewAttribute
    Name="ShipToAddressId"
    IsNotNull="true"
    PrecisionRule="true"
    EntityAttrName="ShipToAddressId"
    EntityUsage="Orders"
    AliasName="SHIP_TO_ADDRESS_ID"/>
  <ViewAttribute
    Name="ShipToPhoneNumber"
    PrecisionRule="true"
    EntityAttrName="ShipToPhoneNumber"
    EntityUsage="Orders"
    AliasName="SHIP_TO_PHONE_NUMBER"/>
  <ViewAttribute
    Name="ShippingOptionId"
    IsNotNull="true"
    PrecisionRule="true"
    EntityAttrName="ShippingOptionId"
    EntityUsage="Orders"
    AliasName="SHIPPING_OPTION_ID"
    LOVName="LOV_ShippingOptionId">
    <Properties>
      <SchemaBasedProperties>
        <CONTROLTYPE
          Value="radio"/>
      </SchemaBasedProperties>
    </Properties>
  </ViewAttribute>
  <ViewAttribute
    Name="PaymentOptionId"
    PrecisionRule="true"
    EntityAttrName="PaymentOptionId"
    EntityUsage="Orders"
    AliasName="PAYMENT_OPTION_ID"
    LOVName="LOV_PaymentOptionId">
    <Properties>
      <SchemaBasedProperties>
        <CONTROLTYPE
          Value="combo_lov"/>
      </SchemaBasedProperties>
    </Properties>
  </ViewAttribute>
  <ViewAttribute
    Name="DiscountId"
    PrecisionRule="true"
    EntityAttrName="DiscountId"
    EntityUsage="Orders"
    AliasName="DISCOUNT_ID"/>
  <ViewAttribute
    Name="CouponId"
    PrecisionRule="true"
    EntityAttrName="CouponId"
    EntityUsage="Orders"
    AliasName="COUPON_ID"/>
  <ViewAttribute
    Name="FreeShippingFlag"
    IsNotNull="true"
    PrecisionRule="true"
    EntityAttrName="FreeShippingFlag"
    EntityUsage="Orders"
    AliasName="FREE_SHIPPING_FLAG"/>
  <ViewAttribute
    Name="CustomerCollectFlag"
    IsNotNull="true"
    PrecisionRule="true"
    EntityAttrName="CustomerCollectFlag"
    EntityUsage="Orders"
    AliasName="CUSTOMER_COLLECT_FLAG"/>
  <ViewAttribute
    Name="CollectionWarehouseId"
    PrecisionRule="true"
    EntityAttrName="CollectionWarehouseId"
    EntityUsage="Orders"
    AliasName="COLLECTION_WAREHOUSE_ID"/>
  <ViewAttribute
    Name="GiftwrapFlag"
    IsNotNull="true"
    PrecisionRule="true"
    EntityAttrName="GiftwrapFlag"
    EntityUsage="Orders"
    AliasName="GIFTWRAP_FLAG"/>
  <ViewAttribute
    Name="GiftwrapMessage"
    PrecisionRule="true"
    EntityAttrName="GiftwrapMessage"
    EntityUsage="Orders"
    AliasName="GIFTWRAP_MESSAGE"/>
  <ViewAttribute
    Name="CreatedBy"
    IsNotNull="true"
    PrecisionRule="true"
    EntityAttrName="CreatedBy"
    EntityUsage="Orders"
    AliasName="CREATED_BY"/>
  <ViewAttribute
    Name="CreationDate"
    IsNotNull="true"
    PrecisionRule="true"
    EntityAttrName="CreationDate"
    EntityUsage="Orders"
    AliasName="CREATION_DATE"/>
  <ViewAttribute
    Name="LastUpdatedBy"
    IsNotNull="true"
    PrecisionRule="true"
    EntityAttrName="LastUpdatedBy"
    EntityUsage="Orders"
    AliasName="LAST_UPDATED_BY"/>
  <ViewAttribute
    Name="LastUpdateDate"
    IsNotNull="true"
    PrecisionRule="true"
    EntityAttrName="LastUpdateDate"
    EntityUsage="Orders"
    AliasName="LAST_UPDATE_DATE"/>
  <ViewAttribute
    Name="ObjectVersionId"
    IsNotNull="true"
    PrecisionRule="true"
    EntityAttrName="ObjectVersionId"
    EntityUsage="Orders"
    AliasName="OBJECT_VERSION_ID"/>
  <ViewAttribute
    Name="calculatedOrderTOtal"
    IsUpdateable="while_insert"
    IsQueriable="false"
    IsPersistent="false"
    PrecisionRule="true"
    EntityAttrName="calculatedOrderTOtal"
    EntityUsage="Orders"/>
  <ViewAttribute
    Name="TotalShippingCost"
    IsSelected="false"
    IsPersistent="false"
    PrecisionRule="true"
    Type="java.lang.Double"
    ColumnType="DOUBLE PRECISION"
    AliasName="VIEW_ATTR"
    SQLType="DOUBLE">
    <RecalcCondition><![CDATA[true]]></RecalcCondition>
    <TransientExpression><![CDATA[if(FreeShippingFlag != null && FreeShippingFlag != 'Y'){
       
    if(OrderItemsView != null){                           
          return OrderItemsView.sum("ShippingCost"); 
          } else {
            return 0; 
           } 


} else { 
return 0; 

}]]></TransientExpression>
  </ViewAttribute>
  <ViewAttribute
    Name="DiscountAmount"
    IsQueriable="false"
    IsPersistent="false"
    PrecisionRule="true"
    EntityAttrName="DiscountAmount"
    EntityUsage="Orders"
    IsSelected="false"
    AliasName="DISCOUNTAMOUNT">
    <TransientExpression><![CDATA[10.02]]></TransientExpression>
  </ViewAttribute>
  <ViewAttribute
    Name="InvoiceTotal"
    IsUpdateable="false"
    IsSelected="false"
    IsPersistent="false"
    PrecisionRule="true"
    Type="java.lang.Double"
    ColumnType="DOUBLE PRECISION"
    AliasName="VIEW_ATTR"
    SQLType="DOUBLE">
    <RecalcCondition><![CDATA[true]]></RecalcCondition>
    <TransientExpression><![CDATA[if(TotalShippingCost != null &&
                           calculatedOrderTOtal != null &&
                           DiscountAmount != null){ return ((TotalShippingCost +
                           calculatedOrderTOtal) - DiscountAmount); }]]></TransientExpression>
    <Properties>
      <SchemaBasedProperties>
        <FMT_FORMATTER
          ResId="model.mwgl.vo.OrdersView.InvoiceTotal_FMT_FORMATTER"/>
      </SchemaBasedProperties>
    </Properties>
  </ViewAttribute>
  <ViewAttribute
    Name="pendingStatus"
    IsSelected="false"
    IsPersistent="false"
    PrecisionRule="true"
    Type="java.lang.Boolean"
    ColumnType="NUMBER"
    AliasName="VIEW_ATTR"
    SQLType="VARCHAR">
    <TransientExpression><![CDATA[return (OrderStatusCode == 'PENDING');]]></TransientExpression>
    <Dependencies>
      <Item
        Value="OrderStatusCode"/>
    </Dependencies>
  </ViewAttribute>
  <ViewLinkAccessor
    Name="OrderItemsView"
    ViewLink="model.mwgl.vo.ViewLinks.OrderItemsOrdersFkLink"
    Type="oracle.jbo.RowIterator"
    IsUpdateable="false"/>
  <ViewLinkAccessor
    Name="AddressesView"
    ViewLink="model.mwgl.vo.ViewLinks.orderAddressFkLink"
    Type="oracle.jbo.RowIterator"
    IsUpdateable="false"/>
  <ViewLinkAccessor
    Name="PaymentOptionsView"
    ViewLink="model.mwgl.vo.ViewLinks.orderPayementFkLink"
    Type="oracle.jbo.RowIterator"
    IsUpdateable="false"/>
  <ResourceBundle>
    <PropertiesBundle
      PropertiesFile="model.ModelBundle"/>
  </ResourceBundle>
  <ClientInterface>
    <Method
      Name="cancelOrder">
      <Return
        Type="void"/>
    </Method>
  </ClientInterface>
</ViewObject>
