<?xml version="1.0" encoding="windows-1252" ?>
<!DOCTYPE ViewObject SYSTEM "jbo_03_01.dtd">
<!---->
<ViewObject
  xmlns="http://xmlns.oracle.com/bc4j"
  Name="OrderItemsView"
  Version="11.1.1.64.93"
  InheritPersonalization="true"
  BindingStyle="OracleName"
  CustomQuery="true"
  PageIterMode="Full"
  UseGlueCode="false">
  <DesignTime>
    <Attr Name="_codeGenFlag2" Value="Access|VarAccess"/>
    <Attr Name="_isExpertMode" Value="true"/>
  </DesignTime>
  <SQLQuery>
    <![CDATA[SELECT OrderItems.ORDER_ID, 
       OrderItems.LINE_ITEM_ID, 
       OrderItems.PRODUCT_ID, 
       OrderItems.QUANTITY, 
       OrderItems.UNIT_PRICE, 
       OrderItems.CREATED_BY, 
       OrderItems.CREATION_DATE, 
       OrderItems.LAST_UPDATED_BY, 
       OrderItems.LAST_UPDATE_DATE, 
       OrderItems.OBJECT_VERSION_ID,
ProductTranslations.PRODUCT_ID AS PRODUCT_ID1,
ProductTranslations.LANGUAGE,
ProductTranslations.DESCRIPTION,
CategoryTranslations.CATEGORY_ID, 
       CategoryTranslations.CATEGORY_NAME,  
       CategoryTranslations.LANGUAGE AS LANGUAGE1,
 ProductsBase.PRODUCT_NAME,
       ProductsBase.PRODUCT_ID as PRODUCT_ID2,

ProductTranslations.ADDITIONAL_INFO, 

       decode(ProductsBase.shipping_class_code, 'CLASS1',  ShippingOptionsBase.cost_per_class1_item,
                                     'CLASS2', ShippingOptionsBase.cost_per_class2_item,
                                     'CLASS3', ShippingOptionsBase.cost_per_class3_item) as SHIPPING_COST
FROM 
ORDER_ITEMS OrderItems,
PRODUCTS_BASE ProductsBase,
PRODUCT_TRANSLATIONS ProductTranslations, 
CATEGORY_TRANSLATIONS CategoryTranslations,
SHIPPING_OPTIONS_BASE ShippingOptionsBase,
ORDERS OrderEO
where 
(OrderItems.product_id = productsbase.product_id) and 
(ProductsBase.product_id = producttranslations.product_id) and
CategoryTranslations.category_id=productsbase.category_id and
ordereo.order_id=orderitems.order_id and
ShippingOptionsBase.shipping_option_id=OrderEO.shipping_option_id
and ProductTranslations.language = 'EN' and
CategoryTranslations.LANGUAGE='EN']]>
  </SQLQuery>
  <EntityUsage
    Name="OrderItems"
    Entity="model.mwgl.eo.OrderItems"/>
  <EntityUsage
    Name="ProductsBase"
    Entity="model.mwgl.eo.ProductsBase"
    Association="model.mwgl.eo.Assoc.OrderItemsProductsFkAssoc"
    AssociationEnd="model.mwgl.eo.Assoc.OrderItemsProductsFkAssoc.ProductsBase"
    SourceUsage="model.mwgl.vo.OrderItemsView.OrderItems"
    ReadOnly="true"
    Reference="true"
    DeleteParticipant="false"
    JoinType="INNER JOIN">
    <DesignTime>
      <AttrArray Name="_srcAttributes">
        <Item Value="model.mwgl.eo.OrderItems.ProductId"/>
      </AttrArray>
      <AttrArray Name="_dstAttributes">
        <Item Value="model.mwgl.eo.ProductsBase.ProductId"/>
      </AttrArray>
    </DesignTime>
  </EntityUsage>
  <EntityUsage
    Name="ProductTranslations"
    Entity="model.mwgl.eo.ProductTranslations"
    Association="model.mwgl.eo.Assoc.ProductTranslationsFkAssoc"
    AssociationEnd="model.mwgl.eo.Assoc.ProductTranslationsFkAssoc.ProductTranslations"
    SourceUsage="model.mwgl.vo.OrderItemsView.ProductsBase"
    ReadOnly="true"
    Reference="true"
    DeleteParticipant="false"
    JoinType="INNER JOIN">
    <DesignTime>
      <AttrArray Name="_srcAttributes">
        <Item Value="model.mwgl.eo.ProductsBase.ProductId"/>
      </AttrArray>
      <AttrArray Name="_dstAttributes">
        <Item Value="model.mwgl.eo.ProductTranslations.ProductId"/>
      </AttrArray>
    </DesignTime>
  </EntityUsage>
  <EntityUsage
    Name="CategoryTranslations"
    Entity="model.mwgl.eo.CategoryTranslations"
    SourceUsage="model.mwgl.vo.OrderItemsView.ProductTranslations"
    ReadOnly="true"
    Reference="true"
    DeleteParticipant="false"/>
  <EntityUsage
    Name="ShippingOptionsBase"
    Entity="model.mwgl.eo.ShippingOptionsBase"
    SourceUsage="model.mwgl.vo.OrderItemsView.CategoryTranslations"
    ReadOnly="true"
    Reference="true"
    DeleteParticipant="false"/>
  <ViewAttribute
    Name="OrderId"
    IsNotNull="true"
    PrecisionRule="true"
    EntityAttrName="OrderId"
    EntityUsage="OrderItems"
    AliasName="ORDER_ID"/>
  <ViewAttribute
    Name="LineItemId"
    IsNotNull="true"
    PrecisionRule="true"
    EntityAttrName="LineItemId"
    EntityUsage="OrderItems"
    AliasName="LINE_ITEM_ID"/>
  <ViewAttribute
    Name="ProductId"
    IsNotNull="true"
    PrecisionRule="true"
    EntityAttrName="ProductId"
    EntityUsage="OrderItems"
    AliasName="PRODUCT_ID"/>
  <ViewAttribute
    Name="Quantity"
    IsNotNull="true"
    PrecisionRule="true"
    EntityAttrName="Quantity"
    EntityUsage="OrderItems"
    AliasName="QUANTITY"/>
  <ViewAttribute
    Name="UnitPrice"
    IsNotNull="true"
    PrecisionRule="true"
    EntityAttrName="UnitPrice"
    EntityUsage="OrderItems"
    AliasName="UNIT_PRICE"/>
  <ViewAttribute
    Name="CreatedBy"
    IsNotNull="true"
    PrecisionRule="true"
    EntityAttrName="CreatedBy"
    EntityUsage="OrderItems"
    AliasName="CREATED_BY"/>
  <ViewAttribute
    Name="CreationDate"
    IsNotNull="true"
    PrecisionRule="true"
    EntityAttrName="CreationDate"
    EntityUsage="OrderItems"
    AliasName="CREATION_DATE"/>
  <ViewAttribute
    Name="LastUpdatedBy"
    IsNotNull="true"
    PrecisionRule="true"
    EntityAttrName="LastUpdatedBy"
    EntityUsage="OrderItems"
    AliasName="LAST_UPDATED_BY"/>
  <ViewAttribute
    Name="LastUpdateDate"
    IsNotNull="true"
    PrecisionRule="true"
    EntityAttrName="LastUpdateDate"
    EntityUsage="OrderItems"
    AliasName="LAST_UPDATE_DATE"/>
  <ViewAttribute
    Name="ObjectVersionId"
    IsNotNull="true"
    PrecisionRule="true"
    EntityAttrName="ObjectVersionId"
    EntityUsage="OrderItems"
    AliasName="OBJECT_VERSION_ID"/>
  <ViewAttribute
    Name="ProductId1"
    IsNotNull="true"
    PrecisionRule="true"
    EntityAttrName="ProductId"
    EntityUsage="ProductTranslations"
    AliasName="PRODUCT_ID1"/>
  <ViewAttribute
    Name="Language"
    IsNotNull="true"
    PrecisionRule="true"
    EntityAttrName="Language"
    EntityUsage="ProductTranslations"
    AliasName="LANGUAGE"/>
  <ViewAttribute
    Name="Description"
    IsNotNull="true"
    PrecisionRule="true"
    EntityAttrName="Description"
    EntityUsage="ProductTranslations"
    AliasName="DESCRIPTION"/>
  <ViewAttribute
    Name="CategoryId"
    IsNotNull="true"
    PrecisionRule="true"
    EntityAttrName="CategoryId"
    EntityUsage="CategoryTranslations"
    AliasName="CATEGORY_ID"/>
  <ViewAttribute
    Name="CategoryName"
    IsNotNull="true"
    PrecisionRule="true"
    EntityAttrName="CategoryName"
    EntityUsage="CategoryTranslations"
    AliasName="CATEGORY_NAME"/>
  <ViewAttribute
    Name="Language1"
    IsNotNull="true"
    PrecisionRule="true"
    EntityAttrName="Language"
    EntityUsage="CategoryTranslations"
    AliasName="LANGUAGE1"/>
  <ViewAttribute
    Name="ProductName"
    IsNotNull="true"
    PrecisionRule="true"
    EntityAttrName="ProductName"
    EntityUsage="ProductsBase"
    AliasName="PRODUCT_NAME"/>
  <ViewAttribute
    Name="ProductId2"
    IsNotNull="true"
    PrecisionRule="true"
    EntityAttrName="ProductId"
    EntityUsage="ProductsBase"
    AliasName="PRODUCT_ID2"/>
  <ViewAttribute
    Name="AdditionalInfo"
    PrecisionRule="true"
    EntityAttrName="AdditionalInfo"
    EntityUsage="ProductTranslations"
    AliasName="ADDITIONAL_INFO"/>
  <ViewAttribute
    Name="ShippingCost"
    IsUpdateable="false"
    IsPersistent="false"
    PrecisionRule="true"
    Type="oracle.jbo.domain.Number"
    ColumnType="NUMBER"
    AliasName="SHIPPING_COST"
    Expression="SHIPPING_COST"
    SQLType="NUMERIC">
    <DesignTime>
      <Attr Name="_DisplaySize" Value="39"/>
    </DesignTime>
  </ViewAttribute>
  <ViewAttribute
    Name="ListPrice"
    IsQueriable="false"
    IsPersistent="false"
    PrecisionRule="true"
    EntityAttrName="ListPrice"
    EntityUsage="OrderItems"/>
  <AttrArray Name="KeyAttributes">
    <Item Value="OrderId"/>
    <Item Value="LineItemId"/>
  </AttrArray>
</ViewObject>
