<?xml version="1.0" encoding="windows-1252" ?>
<!DOCTYPE ViewObject SYSTEM "jbo_03_01.dtd">
<!---->
<ViewObject
  xmlns="http://xmlns.oracle.com/bc4j"
  Name="PaymentOptionsView"
  Version="11.1.1.64.93"
  InheritPersonalization="true"
  SelectList="PaymentOptions.PAYMENT_OPTION_ID, 
       PaymentOptions.CUSTOMER_ID, 
       PaymentOptions.PAYMENT_TYPE_CODE, 
       PaymentOptions.BILLING_ADDRESS_ID, 
       PaymentOptions.ACCOUNT_NUMBER, 
       PaymentOptions.CARD_TYPE_CODE, 
       PaymentOptions.EXPIRE_DATE, 
       PaymentOptions.CHECK_DIGITS, 
       PaymentOptions.ROUTING_IDENTIFIER, 
       PaymentOptions.INSTITUTION_NAME, 
       PaymentOptions.VALID_FROM_DATE, 
       PaymentOptions.VALID_TO_DATE, 
       PaymentOptions.CREATED_BY, 
       PaymentOptions.CREATION_DATE, 
       PaymentOptions.LAST_UPDATED_BY, 
       PaymentOptions.LAST_UPDATE_DATE, 
       PaymentOptions.OBJECT_VERSION_ID"
  FromList="PAYMENT_OPTIONS PaymentOptions"
  BindingStyle="OracleName"
  CustomQuery="false"
  PageIterMode="Full"
  UseGlueCode="false">
  <DesignTime>
    <Attr Name="_codeGenFlag2" Value="Access|VarAccess"/>
  </DesignTime>
  <Variable
    Name="personBindID"
    Kind="viewcriteria"
    Type="java.lang.Integer"/>
  <EntityUsage
    Name="PaymentOptions"
    Entity="model.mwgl.eo.PaymentOptions"/>
  <ViewAttribute
    Name="PaymentOptionId"
    IsNotNull="true"
    PrecisionRule="true"
    EntityAttrName="PaymentOptionId"
    EntityUsage="PaymentOptions"
    AliasName="PAYMENT_OPTION_ID"/>
  <ViewAttribute
    Name="CustomerId"
    IsNotNull="true"
    PrecisionRule="true"
    EntityAttrName="CustomerId"
    EntityUsage="PaymentOptions"
    AliasName="CUSTOMER_ID"/>
  <ViewAttribute
    Name="PaymentTypeCode"
    IsNotNull="true"
    PrecisionRule="true"
    EntityAttrName="PaymentTypeCode"
    EntityUsage="PaymentOptions"
    AliasName="PAYMENT_TYPE_CODE"/>
  <ViewAttribute
    Name="BillingAddressId"
    PrecisionRule="true"
    EntityAttrName="BillingAddressId"
    EntityUsage="PaymentOptions"
    AliasName="BILLING_ADDRESS_ID"/>
  <ViewAttribute
    Name="AccountNumber"
    IsNotNull="true"
    PrecisionRule="true"
    EntityAttrName="AccountNumber"
    EntityUsage="PaymentOptions"
    AliasName="ACCOUNT_NUMBER"/>
  <ViewAttribute
    Name="CardTypeCode"
    PrecisionRule="true"
    EntityAttrName="CardTypeCode"
    EntityUsage="PaymentOptions"
    AliasName="CARD_TYPE_CODE"/>
  <ViewAttribute
    Name="ExpireDate"
    PrecisionRule="true"
    EntityAttrName="ExpireDate"
    EntityUsage="PaymentOptions"
    AliasName="EXPIRE_DATE"/>
  <ViewAttribute
    Name="CheckDigits"
    PrecisionRule="true"
    EntityAttrName="CheckDigits"
    EntityUsage="PaymentOptions"
    AliasName="CHECK_DIGITS"/>
  <ViewAttribute
    Name="RoutingIdentifier"
    PrecisionRule="true"
    EntityAttrName="RoutingIdentifier"
    EntityUsage="PaymentOptions"
    AliasName="ROUTING_IDENTIFIER"/>
  <ViewAttribute
    Name="InstitutionName"
    PrecisionRule="true"
    EntityAttrName="InstitutionName"
    EntityUsage="PaymentOptions"
    AliasName="INSTITUTION_NAME"/>
  <ViewAttribute
    Name="ValidFromDate"
    PrecisionRule="true"
    EntityAttrName="ValidFromDate"
    EntityUsage="PaymentOptions"
    AliasName="VALID_FROM_DATE"/>
  <ViewAttribute
    Name="ValidToDate"
    PrecisionRule="true"
    EntityAttrName="ValidToDate"
    EntityUsage="PaymentOptions"
    AliasName="VALID_TO_DATE"/>
  <ViewAttribute
    Name="CreatedBy"
    IsNotNull="true"
    PrecisionRule="true"
    EntityAttrName="CreatedBy"
    EntityUsage="PaymentOptions"
    AliasName="CREATED_BY"/>
  <ViewAttribute
    Name="CreationDate"
    IsNotNull="true"
    PrecisionRule="true"
    EntityAttrName="CreationDate"
    EntityUsage="PaymentOptions"
    AliasName="CREATION_DATE"/>
  <ViewAttribute
    Name="LastUpdatedBy"
    IsNotNull="true"
    PrecisionRule="true"
    EntityAttrName="LastUpdatedBy"
    EntityUsage="PaymentOptions"
    AliasName="LAST_UPDATED_BY"/>
  <ViewAttribute
    Name="LastUpdateDate"
    IsNotNull="true"
    PrecisionRule="true"
    EntityAttrName="LastUpdateDate"
    EntityUsage="PaymentOptions"
    AliasName="LAST_UPDATE_DATE"/>
  <ViewAttribute
    Name="ObjectVersionId"
    IsNotNull="true"
    PrecisionRule="true"
    EntityAttrName="ObjectVersionId"
    EntityUsage="PaymentOptions"
    AliasName="OBJECT_VERSION_ID"/>
  <ViewCriteria
    Name="PaymentOptionsViewCriteria"
    ViewObjectName="model.mwgl.vo.PaymentOptionsView"
    Conjunction="AND">
    <Properties>
      <CustomProperties>
        <Property
          Name="displayOperators"
          Value="InAdvancedMode"/>
        <Property
          Name="autoExecute"
          Value="false"/>
        <Property
          Name="allowConjunctionOverride"
          Value="true"/>
        <Property
          Name="showInList"
          Value="true"/>
        <Property
          Name="mode"
          Value="Basic"/>
      </CustomProperties>
    </Properties>
    <ViewCriteriaRow
      Name="vcrow0"
      UpperColumns="1">
      <ViewCriteriaItem
        Name="CustomerId"
        ViewAttribute="CustomerId"
        Operator="="
        Conjunction="AND"
        Value=":personBindID"
        IsBindVarValue="true"
        Required="Optional"/>
    </ViewCriteriaRow>
  </ViewCriteria>
  <ViewLinkAccessor
    Name="OrdersView"
    ViewLink="model.mwgl.vo.ViewLinks.OrdersPaymentOptionsFkLink"
    Type="oracle.jbo.RowIterator"
    IsUpdateable="false"/>
  <ViewLinkAccessor
    Name="AddressesView"
    ViewLink="model.mwgl.vo.ViewLinks.Payment_toAddress"
    Type="oracle.jbo.RowIterator"
    IsUpdateable="false"/>
</ViewObject>
