<?xml version="1.0" encoding="windows-1252" ?>
<!DOCTYPE ViewLink SYSTEM "jbo_03_01.dtd">
<!---->
<ViewLink
  xmlns="http://xmlns.oracle.com/bc4j"
  Name="PaymentOptionsPersonsFkLink"
  Version="11.1.1.64.93"
  InheritPersonalization="true"
  EntityAssociation="model.mwgl.eo.PaymentOptionsPersonsFkAssoc">
  <DesignTime>
    <Attr Name="_isCodegen" Value="true"/>
  </DesignTime>
  <ViewLinkDefEnd
    Name="PersonsView"
    Cardinality="1"
    Owner="model.mwgl.vo.PersonsView"
    Source="true">
    <DesignTime>
      <Attr Name="_finderName" Value="PersonsView"/>
      <Attr Name="_isUpdateable" Value="true"/>
      <Attr Name="_minCardinality" Value="1"/>
    </DesignTime>
    <AttrArray Name="Attributes">
      <Item Value="model.mwgl.vo.PersonsView.PersonId"/>
    </AttrArray>
  </ViewLinkDefEnd>
  <ViewLinkDefEnd
    Name="PaymentOptionsView"
    Cardinality="-1"
    Owner="model.mwgl.vo.PaymentOptionsView">
    <DesignTime>
      <Attr Name="_finderName" Value="PaymentOptionsView"/>
      <Attr Name="_isUpdateable" Value="true"/>
    </DesignTime>
    <AttrArray Name="Attributes">
      <Item Value="model.mwgl.vo.PaymentOptionsView.CustomerId"/>
    </AttrArray>
  </ViewLinkDefEnd>
</ViewLink>
