<?xml version="1.0" encoding="windows-1252" ?>
<!DOCTYPE ViewLink SYSTEM "jbo_03_01.dtd">
<!---->
<ViewLink
  xmlns="http://xmlns.oracle.com/bc4j"
  Name="ProductTranslationsFkLink"
  Version="11.1.1.64.93"
  InheritPersonalization="true"
  EntityAssociation="model.mwgl.eo.ProductTranslationsFkAssoc">
  <DesignTime>
    <Attr Name="_isCodegen" Value="true"/>
  </DesignTime>
  <ViewLinkDefEnd
    Name="ProductsBaseView"
    Cardinality="1"
    Owner="model.mwgl.vo.ProductsBaseView"
    Source="true">
    <DesignTime>
      <Attr Name="_finderName" Value="ProductsBaseView"/>
      <Attr Name="_isUpdateable" Value="true"/>
      <Attr Name="_minCardinality" Value="1"/>
    </DesignTime>
    <AttrArray Name="Attributes">
      <Item Value="model.mwgl.vo.ProductsBaseView.ProductId"/>
    </AttrArray>
  </ViewLinkDefEnd>
  <ViewLinkDefEnd
    Name="ProductTranslationsView"
    Cardinality="-1"
    Owner="model.mwgl.vo.ProductTranslationsView">
    <DesignTime>
      <Attr Name="_finderName" Value="ProductTranslationsView"/>
      <Attr Name="_isUpdateable" Value="true"/>
    </DesignTime>
    <AttrArray Name="Attributes">
      <Item Value="model.mwgl.vo.ProductTranslationsView.ProductId"/>
    </AttrArray>
  </ViewLinkDefEnd>
</ViewLink>
